RecordId,PropertyAddress,TotalAssessedValue,LotSizeOrArea,SalesPriceFromAssessment,YearBuilt,NumberOfBedrooms,NumberOfBaths,NumberOfPartialBaths
1,1 Acanthus,725106,5254,470000,1999,5,3,0
2,21 Acanthus,469329,3964,318000,2000,3,2,1
3,27 Acanthus,398270,5637,529000,2000,3,2,1
4,29 Acanthus,495921,4382,336000,2000,5,3,0
5,35 Acanthus,468527,4235,323500,2000,3,2,1
6,43 Acanthus,706275,10552,450500,2000,4,3,0
7,36 Acanthus,615305,5814,418000,2000,3,3,0
8,10 Acanthus,544521,8587,369000,1999,4,3,0
9,43 Bel Flora,973114,4559,710000,1999,4,2,1
10,21 Bel Flora,751724,4091,540000,1999,3,2,1
11,12 Bel Flora,646014,8225,437500,1999,3,3,0
12,5 Caladium,814364,4801,585000,1999,3,3,0
13,36 Bel Flora,1103864,5891,830000,1999,4,3,0
14,28 Crystalaire,847273,5934,620000,1998,3,2,1
15,41 Edelweiss,746589,7006,489500,2000,3,3,0
16,39 Edelweiss,680709,5668,470000,1998,4,3,0
17,33 Edelweiss,1084291,5037,842000,2000,5,3,0
18,19 Edelweiss,541275,4540,366500,1999,3,2,1
19,6 Edelweiss,600221,5579,406500,1999,3,3,0
20,12 Edelweiss,859571,4378,629000,1999,3,2,1
21,14 Edelweiss,612038,5091,414500,1999,3,3,0
22,18 Edelweiss,1069697,6513,975000,1999,3,3,0
23,1 Freesia,536857,5184,361500,1999,4,3,0
24,6 Freesia,661970,7796,425000,1999,3,3,0
25,38 Edelweiss,678349,6233,438000,2000,5,3,0
26,40 Edelweiss,598277,5547,396000,2000,4,2,1
27,26 Wildemere,924447,4730,690000,1996,4,2,1
28,34 Wildemere,332913,3950,206000,1996,4,2,1
29,38 Wildemere,384264,3950,222000,1996,3,2,1
30,44 Wildemere,626684,4080,439000,1996,3,2,1
31,44 Woodsong,608018,4400,433000,1996,3,2,1
32,62 Woodsong,338443,5400,216500,1996,3,3,0
33,61 Woodsong,542453,3600,360000,1996,4,2,1
34,57 Woodsong,580504,3700,385500,1996,4,2,1
35,30 Wayfaire,558024,4235,393000,1995,3,3,0
36,37 Wayfaire,809009,3600,592000,1995,3,3,0
37,29 Wayfaire,463455,4212,320000,1995,3,3,0
38,27 Wayfaire,729749,3900,534000,1995,4,2,1
39,1 Wayfaire,421021,4810,285000,1997,3,3,0
40,12 Wildemere,436403,4150,270000,1996,4,2,1
41,32 Meadowood,947030,7000,590000,1996,3,3,0
42,5 Cloverdale,897895,4560,645000,1995,3,3,0
43,33 Greenvale,443442,5600,280000,1996,3,3,0
44,24 Castletree,544767,6720,302500,1995,4,3,0
45,28 Castletree,494149,6664,320000,1997,3,3,0
46,6 Castletree,416018,5220,251000,1996,4,2,1
47,20 Castletree,370687,4840,237000,1996,4,2,1
48,3 Meadowood,425167,5775,272000,1996,5,3,0
49,1 Meadowood,533992,7500,303000,1996,3,3,0
50,2 Meadowood,780955,5880,550000,1996,3,3,0
51,12 Woodsong,553754,4644,372500,1995,4,3,0
52,17 Woodsong,570517,4482,375000,1995,4,2,1
53,12 Greenvale,696037,6670,500000,1996,4,2,1
54,9 Greenvale,497100,4675,336500,1996,4,2,1
55,15 Greenvale,589265,5525,415000,1995,4,2,1
56,37 Grassy Knoll Ln,712747,4638,512000,1997,4,2,1
57,49 Grassy Knoll Ln,833606,4276,610000,1997,5,3,1
58,18 Sunnydale Ln,452042,4711,300000,1998,5,3,0
59,10 Grassy Knoll Ln,536118,6486,320000,1998,4,2,1
60,22 Grassy Knoll Ln,821187,6521,590000,1998,5,3,0
61,35 Castletree,404622,7280,228000,1996,5,3,0
62,37 Castletree,373976,5468,239000,1996,4,3,0
63,43 Castletree,480112,4316,325000,1996,4,2,1
64,47 Castletree,930117,4316,730000,1996,4,2,1
65,42 Castletree,652450,4300,459500,1996,4,3,0
66,40 Castletree,366776,4398,232000,1996,5,3,0
67,12 Summit Ct,1245857,9425,1450000,1997,5,4,0
68,6 Summit Ct,1233122,6890,1075000,1997,4,3,1
69,4 Summit Ct,1288015,6864,1150000,1997,4,4,0
70,11 Chaparral Ct,1173732,7130,825000,1996,5,4,1
71,21 Chaparral Ct,1072826,6890,711000,1996,4,3,1
72,22 Chaparral Ct,994220,9000,652500,1996,4,3,1
73,36 Crestview Dr,613714,8071,395000,1997,5,4,1
74,5 Chaparral Ct,978157,7920,610000,1997,4,3,1
75,12 Hillside Dr,742223,5569,520000,1996,3,3,0
76,28 Hillside Dr,473256,7383,298500,1997,3,3,0
77,29 Hillside Dr,646751,8480,379000,1997,3,3,0
78,27 Hillside Dr,500252,6414,279000,1997,4,3,0
79,19 Hillside Dr,1130914,5650,920000,1997,4,3,0
80,11 Hillside Dr,869911,5408,625000,1996,3,3,0
81,1 Hillside Dr,709790,7787,458000,1996,4,3,0
82,50 Ledgewood Dr,967501,6534,695000,1997,4,3,0
83,51 Ledgewood Dr,586303,6534,358000,1997,4,3,0
84,39 Ledgewood Dr,987573,6534,645000,1997,4,3,0
85,22 Sunny Slope,342242,5635,223000,1996,3,3,0
86,25 Sunny Slope,894744,5499,830000,1995,4,2,1
87,11 Legacy Way,482288,5017,320500,1998,4,2,1
88,31 Legacy Way,504068,2773,355000,1997,4,2,1
89,32 Tradition Ln,764069,4483,659000,1998,4,2,1
90,30 Tradition Ln,526142,4513,360000,1998,4,2,1
91,55 Legacy Way,754518,2759,655000,1998,4,2,1
92,44 Tradition Ln,381443,2780,251500,1998,4,2,1
93,42 Tradition Ln,341986,2727,227000,1998,3,3,0
94,39 Tradition Ln,336013,2772,223500,1998,3,3,0
95,54 Legacy Way,758763,2838,595000,1998,4,2,1
96,46 Legacy Way,754518,2772,639000,1998,4,2,1
97,7 Rolling Rdg,941562,4820,785000,1999,5,3,0
98,5 Lark Dr,576137,7015,390000,1998,4,2,1
99,28 Spring View Way,786525,5163,565000,1998,5,3,1
100,30 Rolling Rdg,990460,4912,805500,1998,4,2,1
101,29 Rolling Rdg,1029996,7256,848000,1998,6,4,0
102,27 Rolling Rdg,554557,4491,383000,1998,4,2,1
103,10 Lost Cyn,712788,5929,477500,1999,4,3,1
104,18 Lost Cyn,1121180,7635,775000,1999,4,3,1
105,15 Lost Cyn,749530,6880,478000,1999,4,3,1
106,5 Lost Cyn,770077,9818,496000,1999,3,3,1
107,44 Shea Rdg,1138631,8096,819000,1999,3,3,1
108,43 Shea Rdg,724890,7480,483000,1999,3,3,1
109,41 Shea Rdg,768189,7172,520000,1998,3,3,0
110,21 Shea Rdg,793889,4771,530000,1998,4,3,1
111,61 Rolling Rdg,921701,9123,627500,1999,3,3,1
112,45 Rolling Rdg,1135083,5627,820000,1999,4,3,1
113,9 Radiance Ln,490170,8468,308000,1999,3,2,1
114,11 Radiance Ln,759824,3788,660000,1998,3,2,1
115,37 Radiance Ln,421021,3596,285500,1998,3,2,1
116,65 Radiance Ln,446768,3403,296000,1999,3,2,1
117,83 Radiance Ln,425454,4129,288000,1999,3,2,1
118,32 Radiance Ln,506908,3167,350000,1998,3,2,1
119,7 Dancing Cloud Ct,652489,3263,444000,1999,3,2,1
120,68 Radiance Ln,776102,3941,735000,1999,3,2,1
121,4 Radiance Ln,418802,3549,283500,1999,3,2,1
122,64 Radiance Ln,605552,3584,435000,1999,3,2,1
123,23 Edmonton Way,598592,4153,430000,1998,4,2,1
124,2 Balmoral Pl,944683,5718,745000,1998,4,2,1
125,6 Chandler Pl,966531,3681,860000,1998,5,3,0
126,11 Chandler Pl,956127,5008,780000,1999,4,2,1
127,36 Willowbrook Ln,366797,3266,239000,1996,3,2,1
128,26 Willowbrook Ln,361926,3266,245000,1996,3,2,1
129,24 Willowbrook Ln,343550,3266,228000,1996,3,2,1
130,35 Willowbrook Ln,415322,2520,292500,1996,3,2,1
131,37 Willowbrook Ln,679186,2520,497000,1996,3,2,1
132,43 Willowbrook Ln,293892,2652,192000,1997,3,2,1
133,26 Silkwood Ln,494184,2520,355000,1996,3,2,1
134,11 Silkwood Ln,434490,2576,299500,1995,3,2,1
135,19 Acorn Rdg,786542,2576,710000,1995,3,2,1
136,17 Willowbrook Ln,328480,2622,218000,1996,3,2,1
137,10 Acorn Rdg,786542,2500,644000,1995,3,2,1
138,4 Silkwood Ln,716780,3264,535000,1995,3,2,1
139,51 Acorn Rdg,622953,2576,447500,1997,3,2,1
140,49 Acorn Rdg,768855,2576,600000,1997,3,2,1
141,39 Acorn Rdg,451871,2576,312000,1996,3,2,1
142,37 Acorn Rdg,401176,2576,277000,1996,3,2,1
143,36 Acorn Rdg,795906,2852,645000,1996,3,2,1
144,50 Acorn Rdg,549870,2565,395000,1997,3,2,1
145,56 Acorn Rdg,768855,4672,593000,1996,3,2,1
146,9 Wild Lilac Ln,273173,2852,178000,1997,3,2,1
147,22 Tanglewood Ln,290060,2576,189000,1997,3,2,1
148,24 Tanglewood Ln,768855,2640,625000,1997,3,2,1
149,23 Silkwood Ln,751613,2640,561000,1996,3,2,1
155,6 San Bonifacio,365776,4930,211000,1989,3,2,1
156,8 San Sebastian,511168,6560,360000,1990,4,2,1
157,3 San Sebastian,837361,11550,625000,1990,4,2,1
158,7 San Sebastian,418456,9750,264000,1990,4,2,1
159,17 San Sebastian,419260,7344,262500,1990,4,2,1
160,29 San Sebastian,818190,12375,795000,1990,4,2,1
161,26 San Sebastian,403822,5200,268000,1990,4,2,1
162,32 San Sebastian,821916,5280,665000,1990,4,2,1
163,13 San Bonifacio,472962,9750,320000,1990,4,2,1
164,12 San Bonifacio,354365,6460,231000,1990,4,2,1
165,20 San Bonifacio,424369,5015,240000,1990,4,2,1
166,30 San Bonifacio,403646,4800,227500,1990,3,2,1
167,34 San Bonifacio,324036,5760,207000,1990,4,2,1
168,38 San Bonifacio,524444,6300,360000,1990,4,2,1
169,37 San Sebastian,415490,7680,267500,1990,4,2,1
170,55 San Sebastian,411242,8640,247000,1990,3,2,1
171,67 San Sebastian,376646,7500,245500,1990,3,2,1
172,3 San Simon,418349,8400,265000,1990,4,2,1
173,5 San Simon,544556,7200,350000,1990,3,2,1
174,7 San Simon,392953,5500,266000,1990,4,2,1
175,19 San Simon,292995,6435,183500,1990,4,2,1
176,22 San Simon,406708,6000,272000,1990,4,2,1
177,6 San Simon,389025,5100,242000,1990,4,2,1
178,4 San Simon,341592,5280,205000,1990,4,2,1
179,2 San Simon,356874,5850,194000,1990,3,2,1
180,9 San Ambrosio,395959,8400,255000,1990,4,2,1
181,96 San Bonifacio,376176,7800,217000,1990,4,2,1
182,19 Santa Catalina,460500,6780,276000,1990,4,2,1
183,10 Santa Catalina,856394,4420,705000,1990,4,2,1
184,2 Santa Catalina,796668,5400,670000,1990,3,2,1
185,3 Santa Catalina,709959,6500,510000,1990,3,3,0
186,103 San Bonifacio,496970,6175,350000,1990,4,2,1
187,10 San Timoteo,345309,4293,225000,1989,3,2,1
188,16 San Timoteo,819945,4400,600000,1989,4,2,1
189,18 San Timoteo,994622,4576,800000,1989,3,3,0
190,22 San Timoteo,489869,5850,345000,1989,3,2,1
191,11 San Anselmo,379077,6250,247000,1989,3,3,0
192,8 San Nicholas,855996,6000,615000,1990,3,3,0
193,18 San Nicholas,360018,4968,223000,1990,3,3,0
194,22 San Nicholas,482548,4200,283000,1990,4,2,1
195,70 San Bonifacio,542262,10400,359000,1990,4,2,1
196,54 San Bonifacio,415910,4860,271000,1990,3,3,0
197,46 San Bonifacio,379076,4980,247000,1990,4,2,1
198,42 San Bonifacio,463361,7350,273000,1990,3,3,0
199,8 San Anselmo,945724,4750,720000,1989,3,3,0
200,16 San Anselmo,1003495,4420,749000,1989,3,3,0
201,2 San Mateo,382356,5700,217500,1989,4,2,1
202,4 San Mateo,638854,5700,420000,1989,3,3,0
203,10 San Mateo,1028319,4420,730000,1989,3,3,0
204,6 San Tomas,517397,5100,283000,1989,3,3,0
205,8 San Tomas,442739,5096,260500,1989,3,3,0
206,12 San Tomas,806543,4368,602000,1989,3,2,1
207,14 San Tomas,406193,4524,239000,1992,3,3,0
208,20 San Tomas,363719,4648,214500,1992,3,2,1
209,22 San Julian,587249,7000,316000,1990,3,3,0
210,42 San Mateo,502573,6300,274000,1990,3,3,0
211,46 San Mateo,444432,4940,246500,1990,4,2,1
212,6 San Patricio,651741,5985,459000,1990,3,3,0
213,16 San Patricio,399795,4785,260500,1990,3,2,1
214,18 San Patricio,352214,4840,225000,1990,3,3,0
215,20 San Patricio,436857,4959,252000,1990,4,2,1
216,28 San Patricio,513125,6600,278000,1990,3,3,0
217,21 San Patricio,393550,7475,221000,1990,4,2,1
218,16 San Ricardo,384091,4320,260000,1990,3,2,1
219,12 San Ricardo,421752,4320,290000,1990,4,2,1
220,6 San Ricardo,803333,4264,735000,1990,4,2,1
221,5 San Ricardo,310388,5500,190000,1990,3,2,1
222,9 San Ricardo,818794,5900,677000,1990,4,2,1
223,11 San Ricardo,391666,5270,226000,1990,4,2,1
224,17 San Ricardo,423934,4950,219000,1990,4,2,1
225,19 San Ricardo,317683,5060,207000,1990,4,2,1
226,21 San Ricardo,357893,5035,206500,1990,4,2,1
227,6 San Pedro,398720,4420,230000,1990,4,2,1
228,33 San Patricio,426776,12000,215000,1990,4,2,1
229,37 San Patricio,355556,9100,204000,1990,3,2,1
230,4 San Ignacio,424724,5229,245000,1990,3,3,0
231,46 Santa Teresa,438363,9100,256500,1990,3,3,0
232,42 Santa Teresa,427793,4940,230000,1990,3,3,0
233,36 Santa Teresa,416580,5100,240500,1990,3,3,0
234,24 Santa Cecelia,563548,9000,374000,1990,4,2,1
235,10 Santa Cecelia,414373,5500,270000,1990,4,2,1
236,4 Santa Cecelia,351274,4400,220000,1990,3,2,1
237,2 Santa Cruz,425528,8040,266500,1990,3,3,0
238,10 Santa Cruz,414370,4565,275000,1990,3,2,1
239,18 Santa Cruz,377596,5500,258000,1990,3,3,0
240,34 San Tomas,495882,5320,277500,1990,3,3,0
241,36 San Tomas,382775,4940,228000,1990,4,2,1
242,12 Santa Teresa,331866,4000,212000,1990,3,3,0
243,28 Santa Teresa,491931,5500,333000,1990,3,3,0
251,30 Sendero,455520,4000,268000,1990,3,3,0
252,16 Sendero,437269,4420,296000,1990,4,2,1
253,12 Sendero,445525,4368,257000,1990,3,3,0
254,19 Telura,547010,6650,282500,1990,3,3,0
255,5 Telura,113549,4200,266000,1990,3,2,1
256,11 Ganadero,368330,5880,240000,1990,3,3,0
257,37 Sendero,674462,4816,480000,1990,3,3,0
258,20 Via Mirage,333367,3400,200864,1992,3,2,1
259,4 Via Mirage,909309,2975,715000,1993,4,3,0
260,12 Via Bonita,457921,4000,322500,1992,3,2,1
261,38 Reata,414611,4200,235000,1991,4,2,1
262,30 Reata,424893,4428,250000,1991,3,3,0
263,10 Reata,389598,4620,244000,1991,4,2,1
264,1 Sillero,519607,5280,277500,1990,3,3,0
265,23 Sillero,864884,4500,765000,1990,4,2,1
266,29 Sillero,429544,4455,243000,1990,4,2,1
267,23 Reata,412633,4250,212000,1991,5,3,0
268,27 Reata,874606,4600,640000,1991,4,2,1
269,29 Reata,375150,4700,209500,1991,3,2,1
270,35 Reata,363726,4400,237000,1991,3,2,1
271,43 Reata,378233,5100,227000,1991,3,3,0
272,36 Sillero,419889,4250,219000,1990,4,3,1
273,28 Sillero,454121,4250,247000,1990,3,3,0
274,24 Sillero,414493,4250,239500,1990,3,3,0
275,20 Sillero,542998,4500,374000,1990,3,3,0
276,16 Sillero,360810,4500,222500,1990,3,3,0
277,14 Sillero,538149,4500,379000,1990,4,2,1
278,45 Sillero,428228,4200,257000,1990,3,3,0
279,61 Sillero,837292,6000,760000,1990,3,2,1
280,46 Sillero,327327,4500,180000,1990,3,2,1
281,3 Rodaja,356261,4100,214000,1991,3,2,1
282,23 Amantes,421414,5000,253000,1992,3,3,0
283,19 Amantes,922298,5000,675000,1992,4,3,0
284,24 Amantes,486264,5000,251000,1992,5,3,0
285,22 Sepulveda,406580,5000,244000,1990,4,3,0
286,24 Sepulveda,709961,5000,500000,1990,3,3,0
287,36 Sepulveda,367566,5000,225000,1990,4,2,1
288,40 Sepulveda,472391,5500,270000,1990,4,3,0
289,2 Charca,423069,6500,265000,1990,3,3,0
290,4 Charca,1147561,6000,950000,1990,5,3,0
291,12 Charca,544573,5000,320500,1990,3,3,0
292,42 Amantes,554854,6600,271000,1990,4,2,1
293,9 Charca,946596,6000,735000,1990,3,3,0
294,6 Amantes,980555,6000,895000,1991,3,3,0
295,15 Sequero,565650,5000,340000,1991,4,3,0
296,13 Sequero,980555,5000,765000,1991,3,3,0
297,3 Sequero,554524,5000,285000,1991,4,3,0
298,1 Sequero,577888,8310,340000,1991,4,3,0
299,13 Roquedo,116492,5000,243000,1992,3,3,0
300,11 Roquedo,522649,5000,307500,1992,4,3,0
301,12 Roquedo,579327,5000,400000,1992,3,3,0
302,20 Roquedo,436910,6000,260000,1992,4,2,1
303,10 Amantes,406488,5000,240000,1992,4,3,0
304,7 Sepulveda,519853,5000,345000,1992,4,3,0
305,16 Talega,464586,5000,255000,1990,4,2,1
306,8 Talega,483238,5000,290000,1990,4,3,0
307,4 Talega,837756,6600,590000,1992,3,3,0
308,1 Talega,577793,6300,316000,1990,3,3,0
309,9 Talega,510495,5329,306500,1990,3,3,0
310,11 Talega,473237,5051,284000,1990,4,2,1
311,13 Talega,667220,4863,470000,1992,3,3,0
312,15 Talega,451638,4863,274000,1990,4,3,0
313,25 Talega,785778,5783,575000,1990,4,2,1
314,36 Talega,414893,5000,254000,1993,3,3,0
315,22 Talega,445987,5000,254500,1992,3,3,0
316,15 Sepulveda,436753,6000,279000,1990,3,3,0
317,21 Sepulveda,458224,5000,260500,1990,3,3,0
318,37 Sepulveda,383905,5000,235000,1990,4,3,0
319,39 Sepulveda,435267,6000,237000,1990,4,2,1
320,21 Segada,561981,8978,344000,1994,4,4,0
321,22 Segada,606960,9100,325000,1994,4,3,0
322,28 Segada,537478,7605,329000,1994,4,4,0
323,30 Segada,1038597,7475,760000,1994,5,4,1
324,34 Segada,723978,6466,450000,1994,5,4,1
325,36 Segada,753416,6930,510000,1994,4,4,0
326,1 Siega,596959,10000,348000,1994,5,4,1
327,1 Arado,866154,13320,610000,1994,4,4,0
328,32 Arado,617628,9000,352000,1994,5,4,1
329,20 Arado,753981,6448,531000,1994,4,4,0
330,24 Arado,538671,6565,300500,1994,4,3,0
331,50 Mancera,926927,6300,640000,1990,4,3,1
332,36 Sembrado,840030,7600,580000,1990,4,3,1
333,20 Sembrado,733403,6100,410000,1990,4,4,1
334,12 Sembrado,629126,6000,345000,1990,4,3,1
335,8 Sembrado,1073771,6324,900000,1990,4,3,1
336,32 Mancera,893133,6527,629000,1990,3,4,0
337,19 Segada,481931,7616,295000,1992,4,3,0
338,1 Segada,531894,9100,310000,1992,4,4,0
339,4 Segada,770407,7020,469000,1992,4,4,0
340,19 Serna,1171755,9300,758500,1994,4,4,0
341,11 Serna,465915,7200,285500,1993,4,3,0
342,24 Serna,585703,7475,358000,1992,4,4,0
343,9 Via Floria,431362,3450,292000,1993,3,2,1
344,39 Via Caseta,466666,2700,316000,1994,3,2,1
345,31 Via Caseta,661417,2975,484000,1994,3,2,1
346,23 Via Caseta,519686,2700,366000,1994,4,3,0
347,19 Via Caseta,580655,3150,425000,1994,3,2,1
348,7 Via Caseta,306942,2850,200000,1994,2,3,0
349,24 Via Caseta,329054,3150,204000,1994,4,3,0
350,26 Via Caseta,316262,3600,196000,1994,3,2,1
351,3 Via Encanto,818794,4000,650000,1994,3,2,1
352,4 Via Encanto,556690,4000,400000,1994,4,3,0
353,7 Via Floria,399026,2700,260000,1993,4,3,0
354,19 Via Encanto,425971,2975,300000,1994,2,3,0
355,31 Via Encanto,496970,3200,350000,1993,3,2,1
356,30 Via Helena,892663,4400,807000,1993,4,3,0
357,24 Via Helena,331496,4000,216000,1993,3,2,1
358,22 Via Helena,353371,3500,214000,1993,4,3,0
359,14 Via Helena,727015,2975,532000,1993,4,3,0
360,14 Via Geneva,477089,3150,336000,1993,3,2,1
361,15 Via Geneva,732855,2975,547000,1993,2,3,0
362,2 Via Helena,325663,4050,199500,1993,3,2,1
363,1 Via Helena,461471,2975,325000,1993,4,3,0
364,4 Caminito Altura,1090921,4750,1015000,2001,5,4,1
365,8 Corazon Del Oro,1001905,4816,757500,2001,5,2,1
366,6 Calle Fortuna,457921,3200,322500,1994,3,2,1
367,35 Via Amor,411771,3200,290000,1994,3,2,1
368,10 Calle Verano,456502,3200,320000,1994,4,2,1
369,4 Calle Bella,473165,3400,320000,1994,3,2,1
370,32 Calle Verano,404673,5250,285000,1996,3,2,1
371,42 Calle Verano,303682,4950,194000,1994,3,2,1
372,31 Calle Verano,604022,3200,442000,1996,3,2,1
373,39 Calle Estero,292680,5400,182500,1995,4,2,1
374,1 Via Espiritu,489204,5250,319000,1995,4,2,1
375,25 Calle Estero,620085,4500,423000,1995,3,2,1
376,34 Calle Bella,372020,3600,230000,1994,4,2,1
377,21 Calle Fortuna,528987,3200,380000,1994,3,2,1
378,11 Calle Fortuna,290431,3200,180000,1994,4,2,1
379,53 Calle Verano,418397,3800,289000,1995,3,2,1
380,42 Calle Estero,435912,3200,307000,1995,3,2,1
381,34 Calle Estero,389446,3200,269000,1995,3,2,1
382,32 Calle Estero,471991,3200,320000,1995,3,2,1
383,10 Calle Estero,293896,3655,175000,1995,3,2,1
384,22 Calle Fortuna,471911,3200,339000,1994,3,2,1
385,20 Calle Fortuna,411313,3200,284000,1994,4,2,1
386,11 Calle Arcos,272846,3280,174500,1996,3,2,1
387,9 Calle Arcos,518121,3200,372500,1996,3,2,1
388,18 Via Marguesa,701371,2600,523500,1995,3,2,1
389,21 Via Marguesa,373951,4240,258500,1995,3,2,1
390,24 Calle Arcos,356357,3864,236500,1996,4,2,1
391,16 Calle Arcos,289775,3864,178000,1996,4,2,1
392,8 Calle Arcos,310504,3680,185500,1996,3,2,1
394,71 Berlamo,491994,5335,319500,1998,5,2,1
395,43 Berlamo,982678,8461,930000,1998,5,2,1
396,9 Berlamo,539149,4633,346500,1999,5,2,1
397,66 Berlamo,508156,6828,321500,1998,4,2,1
398,4 Berlamo,998784,4713,815000,1999,4,3,1
399,18 Santa Sophia,987984,4536,915000,1999,6,4,0
400,26 Santa Sophia,829683,4621,596000,1999,6,4,0
401,30 Santa Sophia,913699,4109,820000,1999,5,3,0
402,42 Santa Sophia,692708,5479,462500,2001,6,4,0
403,15 Santa Arletta,991167,5159,905000,2000,6,4,0
404,37 Santa Sophia,814364,5020,585000,2001,5,2,1
406,8 Velarde Ct,414213,3101,286000,1997,4,2,1
407,15 Monticello Ln,648397,2619,515000,1997,3,2,1
408,17 Calellen Ct,433073,5382,305000,1998,3,2,1
409,7 Velarde Ct,412764,3281,285000,1997,4,2,1
410,3 Galisteo Dr,431593,5442,298000,1997,4,2,1
411,16 Hidalgo Ln,419863,2766,290000,1997,3,2,1
412,12 Hidalgo Ln,520635,2750,374000,1997,3,2,1
413,10 Hidalgo Ln,759824,2750,620000,1997,4,2,1
414,1 Hidalgo Ln,443178,3459,306000,1997,3,2,1
415,12 El Vado Dr,580875,2600,420000,1998,4,2,1
416,6 El Vado Dr,590354,2600,432000,1997,3,2,1
417,9 Galisteo Dr,405525,2792,280000,1998,4,2,1
418,21 Galisteo Dr,346565,2906,230000,1997,4,2,1
419,29 Twilight Ln,690825,3198,622000,1997,3,2,1
420,27 Twilight Ln,718437,3168,620000,1999,4,2,1
421,1 Breezy Mdws,463474,3283,325000,1998,4,2,1
422,9 Breezy Mdws,416677,3015,260000,1998,5,2,1
423,11 Breezy Mdws,388523,3015,252500,1998,3,2,1
424,15 Breezy Mdws,556690,3015,400000,1998,4,2,1
425,19 Breezy Mdws,615667,3015,415000,1998,3,2,1
426,21 Breezy Mdws,393275,3386,261000,1998,4,2,1
427,28 Twilight Ln,726199,3285,645000,1999,3,2,1
428,17 Twilight Ln,356959,3432,237000,1999,3,2,1
429,15 Twilight Ln,428810,3150,302000,1998,3,2,1
430,19 Evening Canyon Rd,366173,3420,241000,1998,3,2,1
431,18 Breezy Mdws,619475,3015,445000,1998,3,2,1
432,12 Breezy Mdws,696949,3015,510000,1998,3,2,1
433,10 Breezy Mdws,598592,3015,430000,1998,4,2,1
434,6 Breezy Mdws,368713,3015,245000,1998,3,2,1
435,16 Daybreak Ln,363438,3285,241500,1998,3,2,1
436,12 Daybreak Ln,444288,3375,313000,1998,3,2,1
437,2 Daybreak Ln,332703,3795,221000,1998,3,2,1
438,3 Serene Canyon Rd,430714,3423,284500,1998,4,2,1
439,5 Serene Canyon Rd,777157,3504,650000,1998,4,2,1
440,21 Serene Canyon Rd,403821,3376,268000,1998,4,2,1
441,26 Via Hacienda,949885,4400,798000,1999,4,3,1
442,10 Via Hacienda,772114,4400,565000,1999,4,2,1
443,5 Via Pelayo,491194,4823,332500,1999,4,2,1
444,7 Via Pelayo,479301,4400,300000,1999,4,3,1
445,25 Via Pelayo,658451,4706,473000,1999,3,2,1
446,31 Valeroso,469770,4866,318000,1999,4,2,1
447,33 Valeroso,526050,5683,326000,1999,4,2,1
448,3 Via Hacienda,661237,5183,475000,1999,4,2,1
449,7 Via Hacienda,828158,4814,685000,1998,3,2,1
450,9 Via Hacienda,492244,4444,330000,1998,4,3,1
451,10 Via Corbina,840440,4450,615000,1999,4,2,1
452,14 Via Corbina,586656,4597,363000,1999,4,2,1
453,12 Via Pelayo,900964,4400,600000,1999,4,2,1
454,15 Via Villario,533050,5076,324000,1999,4,2,1
455,5 Via Villario,530340,10913,359000,1999,4,2,1
456,23 Corte Las Rosas,929808,4748,855000,2000,5,4,0
457,16 Corte Las Rosas,707162,4828,508000,2002,5,3,0
458,14 Corte Las Rosas,685399,4456,477000,2002,4,3,1
459,10 Arbor Walk Ln,908153,5989,860000,2000,3,2,1
460,9 Garden View Ct,701501,4627,481500,2000,5,4,0
461,18 Garden View Ct,911371,5270,984000,2000,4,3,1
462,3 Teaberry Ln,742335,4593,530000,2001,5,4,0
463,9 Teaberry Ln,948719,5328,955000,2001,5,3,0
464,15 Teaberry Ln,646099,5854,455500,2001,4,3,1
465,6 Teaberry Ln,692186,4752,486000,2001,6,4,0
466,59 Via Villario,766275,6010,538000,2001,5,4,0
467,23 Via Villario,770638,4989,543000,2001,5,3,0
468,34 Arbor Walk Ln,654761,4783,452500,2001,5,4,1
469,33 Teaberry Ln,845712,7004,549500,2001,5,4,0
470,37 Teaberry Ln,746041,5824,496000,2001,6,4,0
471,1 Santa Elena,400285,8450,235000,1990,4,3,1
472,21 San Carlos,387948,7950,220000,1989,3,2,1
473,12 San Carlos,456216,5000,315000,1990,3,2,0
474,10 San Andres,576578,6000,303500,1989,3,3,0
475,36 Santa Catrina,527385,6875,350000,1989,4,3,0
476,18 Santa Catrina,577183,10010,320000,1989,3,3,0
477,16 Santa Catrina,470756,9900,281000,1989,4,3,0
478,14 Santa Catrina,532800,8850,268000,1989,4,2,1
480,7 Santa Catrina,666369,5350,455000,1989,3,3,0
481,11 Santa Catrina,354497,5350,217000,1989,4,3,0
482,13 Santa Catrina,430770,5200,236500,1989,3,2,0
483,19 Santa Catrina,334894,5238,205000,1989,4,3,0
484,21 Santa Catrina,477598,4900,298000,1989,3,3,0
485,1 Via Honesto,731261,7500,515000,1990,3,3,0
486,14 Santa Isabel,628687,5350,396000,1990,3,3,0
487,5 Santa Isabel,865612,5510,755000,1990,3,2,1
488,21 Santa Isabel,472696,4750,290500,1990,4,3,0
489,29 Santa Isabel,528128,6175,357500,1990,3,3,0
490,31 Calle Del Rio,581189,5603,417500,1997,3,2,1
491,16 Calle De Luna,821374,5166,720000,1997,3,2,1
492,20 Calle De Luna,377919,5967,225000,1997,3,2,1
493,28 Calle De Luna,731115,7013,535000,1997,3,2,1
494,15 Calle Del Rio,733294,3375,555000,1997,3,2,1
495,17 Calle Del Rio,305557,3548,199500,1997,3,2,1
496,27 Calle Del Rio,774681,3345,685000,1997,3,2,1
497,9 Calle De Luna,635081,4186,422000,1997,4,2,1
498,11 Calle De Luna,399306,3623,265000,1997,3,2,1
499,12 Calle De Arena,340704,4008,222000,1997,3,2,1
500,24 Calle Del Rio,766191,4747,705000,1997,3,2,1
501,17 Calle De Arena,570751,3313,410000,1997,3,2,1
502,12 Calle Del Mar,719498,3450,589000,1996,3,2,1
503,8 Calle Del Mar,766774,3450,600000,1996,3,2,1
505,7 Paseo Dalia,730110,2275,641500,1996,3,2,1
506,16 Paseo Acebo,730110,2800,640000,1996,3,2,1
507,18 Paseo Acebo,762613,2800,640000,1996,3,2,1
508,11 Paseo Acebo,420009,2604,290000,1996,3,2,1
509,12 Paseo Dalia,277855,2310,177500,1996,2,2,1
510,4 Paseo Brezo,286307,2800,183000,1996,3,2,1
511,6 Paseo Brezo,762613,2800,639000,1996,3,2,1
512,10 Paseo Brezo,374929,2880,253000,1996,3,2,1
513,17 Paseo Brezo,730110,2405,650000,1996,3,2,1
514,21 Paseo Brezo,642152,2275,470000,1996,3,2,1
515,25 Paseo Brezo,405165,2660,264000,1996,3,2,1
516,35 Paseo Brezo,702270,2275,560000,1997,3,2,1
517,42 Paseo Brezo,694919,2400,610000,1997,3,2,1
518,10 Paseo Pensamiento,508105,2520,365000,1997,2,2,1
519,5 Paseo Narcissi,260898,2275,170000,1997,2,2,1
520,7 Paseo Azuceno,279315,2520,182000,1997,3,2,1
521,5 Paseo Geranio,452949,2628,319000,1997,3,2,1
522,8 Milagro,306364,3430,173000,1997,4,2,1
523,17 Pecos,713130,3138,563000,1997,3,2,1
524,11 Pecos,743578,2902,555000,1997,3,2,1
525,7 Pecos,572610,2955,416000,1997,3,2,1
526,3 Socorro,502474,2800,348500,1996,4,2,1
527,5 Socorro,431593,2800,298000,1996,4,3,0
528,8 Socorro,401815,2800,272000,1996,4,3,0
529,16 Taos,291123,2800,188000,1997,4,3,0
530,8 Taos,274707,2800,179000,1997,3,2,1
531,2 Taos,314158,4547,200500,1997,3,2,1
532,55 Milagro,843764,4914,720000,1997,4,3,0
533,51 Milagro,293124,3016,191000,1997,4,3,0
534,17 Milagro,398861,3873,270000,1997,4,3,0
535,29 Milagro,494184,2964,355000,1997,4,3,0
536,31 Milagro,247084,2878,161000,1997,3,2,1
537,41 Milagro,404075,2909,266000,1997,3,2,1
538,5 Santa Fe,495548,4192,349000,1998,4,3,0
539,6 Milagro,386894,3559,262000,1997,4,3,0
540,29 Las Cruces,734355,3894,670000,1996,3,2,1
541,26 Las Cruces,396836,2800,274000,1996,3,2,1
542,22 Socorro,350987,3053,227500,1996,3,2,1
543,23 Taos,279315,2870,182500,1997,3,2,1
544,25 Taos,316600,2870,194500,1997,4,3,0
545,31 Taos,325159,4470,209500,1997,4,3,0
546,32 El Corazon,447271,2500,315000,1998,3,2,1
547,29 Paseo Simpatico,482766,2791,340000,1998,3,3,0
548,39 Paseo Simpatico,127467,2717,190500,1998,3,2,1
549,43 Paseo Simpatico,412158,3606,279000,1998,3,2,1
550,55 Paseo Vespertino,733482,2660,645000,1998,3,2,1
551,16 El Corazon,555437,2692,399000,1999,3,2,1
552,7 Paseo Vespertino,494183,2743,355000,1999,3,3,0
553,15 Paseo Vespertino,334509,2720,222000,1999,3,3,0
554,19 Paseo Vespertino,717376,2830,555000,1999,3,2,1
555,43 Paseo Vespertino,577709,2985,415000,1999,3,2,1
556,4 Paseo Vecino,714192,2588,660000,1999,3,2,1
557,2 Paseo Vecino,717376,2578,647000,1999,3,2,1
558,24 Paseo Vespertino,349072,2816,236500,1999,3,2,1
559,14 Calendula,290072,7500,185500,1985,3,2,0
560,6 Calendula,664907,4500,470000,1990,3,2,0
561,2 Calendula,911505,4500,667000,1990,4,3,0
562,3 Calendula,360044,4500,230000,1990,4,3,0
563,25 Santolina,905148,4500,797000,1986,4,3,0
564,13 Santolina,489869,4500,345000,1986,3,2,0
565,11 Santolina,372941,4500,243000,1986,4,3,0
566,5 Santolina,569187,4500,393000,1986,4,3,0
567,6 Santolina,660539,4500,475000,1986,3,2,1
568,12 Santolina,283920,4500,185000,1986,3,2,0
569,18 Santolina,516435,4500,276000,1986,4,3,0
570,24 Santolina,583581,4500,411000,1986,4,3,0
571,7 Madrona,485194,4500,322000,1986,4,3,0
572,3 Madrona,470515,4500,338000,1986,3,2,0
573,2 Madrona,325550,4500,173500,1986,3,2,1
574,26 Calendula,326657,4500,171500,1986,3,2,1
575,32 Calendula,703784,4500,515000,1986,3,2,0
576,11 Camellia,932003,5000,682000,1986,3,2,1
577,8 Camellia,892663,5000,745000,1986,4,3,0
578,35 Sarracenia,594944,5000,419000,1986,4,3,0
579,33 Sarracenia,508186,5000,358000,1986,3,2,1
580,3 Sarracenia,363082,5000,225000,1986,4,3,0
581,26 Sarracenia,518267,5000,365000,1986,3,2,1
582,30 Sarracenia,423862,5000,96500,1986,3,2,0
583,34 Sarracenia,367282,5000,227500,1986,4,3,0
584,34 Calendula,330207,5000,25500,1986,3,2,1
585,28 Via Felicia,273775,4000,146000,1986,4,2,1
586,6 Via Felicia,756370,4000,585000,1986,4,2,1
587,2 Via Felicia,440172,4000,310000,1986,3,2,1
588,15 Mandevilla,796645,4000,700000,1986,4,2,1
589,5 Mandevilla,360125,4000,239000,1986,4,2,1
590,1 Mandevilla,243750,4000,130000,1986,3,2,1
591,1 Allyssum,322885,4000,200000,1986,4,2,1
592,42 Via Felicia,385536,4500,236000,1986,5,2,1
593,14 Calle Larspur,281268,4500,150000,1986,3,2,1
594,12 Calle Larspur,484441,4500,348000,1986,2,2,0
595,8 Calle Larspur,510260,4500,340000,1986,4,2,1
596,4 Mandevilla,243748,4000,130000,1986,3,2,1
597,8 Mandevilla,246944,4000,132000,1986,3,2,1
598,14 Via Lantana,378533,4000,251500,1986,3,2,1
599,18 Via Lantana,258763,4000,138000,1986,3,2,1
600,4 Via Nandina,406529,4000,260000,1986,3,2,1
601,9 Calle Passiflora,281553,4000,148000,1986,4,2,1
602,7 Calle Passiflora,373024,4000,217000,1986,2,2,0
603,3 Calle Passiflora,511585,4000,367500,1986,3,2,1
604,36 Allyssum,673835,4500,467000,1986,3,2,0
605,34 Allyssum,281287,4500,150000,1986,4,2,1
606,18 Allyssum,301565,4500,196500,1987,3,2,1
607,15 Allyssum,323788,4000,176500,1987,4,2,1
608,17 Allyssum,281613,4000,180000,1987,3,2,1
609,19 Allyssum,722298,4000,550000,1986,2,2,0
610,23 Allyssum,412766,4000,285000,1986,3,2,1
611,39 Allyssum,320189,4500,188000,1986,3,2,1
612,1 Via Zapador,250677,3600,157000,1990,3,2,1
613,7 Via Zapador,444156,3600,260000,1986,4,3,1
614,13 Via Zapador,382350,3600,233000,1986,3,2,1
615,19 Via Zapador,313262,3600,188000,1986,3,2,1
616,31 Via Zapador,383374,3600,248000,1986,3,2,0
617,35 Via Zapador,315519,3600,182000,1986,3,2,1
618,41 Via Zapador,267683,3600,171000,1986,3,2,1
619,43 Via Zapador,640920,3600,469000,1986,3,2,1
620,24 Via Zapador,230613,3600,123000,1986,3,2,0
621,36 Via Zapador,293265,3600,176000,1986,3,2,1
622,38 Via Zapador,766774,3600,600000,1986,3,2,1
623,43 Pasada Valiente,317607,3600,215000,1986,3,2,1
624,27 Pasada Valiente,756974,3600,565000,1986,3,2,1
625,8 Pasada Valiente,339784,3600,225500,1986,3,2,1
626,14 Pasada Valiente,430145,3600,297000,1986,3,2,1
627,24 Pasada Valiente,663189,3600,495000,1986,3,2,1
628,21 Via Joaquin,730360,3600,616000,1986,3,2,1
629,43 Via Joaquin,341245,3600,231000,1986,3,2,0
630,24 Via Joaquin,222400,3600,24000,1986,3,2,0
631,18 Via Joaquin,218972,3600,32000,1986,3,2,0
632,15 El Vaquero,227881,4000,121500,1986,2,2,0
633,18 El Vaquero,791968,4000,615000,1986,4,2,1
634,4 Via Caballo,253462,4000,157000,1986,2,2,0
635,11 Via Latigo,703784,4000,515000,1986,2,2,0
636,7 Calle Adobe,277714,4000,170000,1986,3,2,1
637,3 Calle Adobe,337936,4000,238000,1986,2,2,0
638,2 Calle Rienda,249379,4000,133000,1986,2,2,0
639,19 Via Latigo,465732,4000,328000,1986,4,2,1
640,9 Calle Estribo,255455,4000,128000,1986,2,2,0
641,6 Via Latigo,675988,4000,590000,1986,2,2,0
642,10 Via Latigo,713130,4000,650000,1986,3,2,1
643,24 Via Latigo,587623,4000,435000,1986,3,2,1
644,15 Calle Rienda,406702,4000,217000,1986,2,2,0
645,5 Calle Rienda,319439,4000,212000,1986,2,2,0
647,41 Via Solano,808390,5000,665000,1987,3,2,0
648,11 Via Solano,418629,5000,206000,1987,4,3,0
649,3 Via Solano,818794,5000,687500,1987,3,2,0
650,2 Via Solano,297012,5000,184000,1987,3,2,0
651,14 Via Solano,412764,5000,285000,1987,3,2,0
652,24 Via Solano,661238,5000,475000,1987,4,3,0
653,15 Via Montanero,436836,5000,186500,1987,3,3,1
654,61 Via De La Mesa,296006,5000,161000,1987,3,2,0
655,62 Via De La Mesa,415641,5000,207000,1987,4,3,0
656,60 Via De La Mesa,639572,5000,192000,1987,5,5,1
657,50 Via De La Mesa,890582,5000,780000,1987,3,3,0
658,36 Via De La Mesa,441587,5000,305000,1986,3,2,0
659,28 Via De La Mesa,402315,5000,267000,1986,3,2,1
660,43 Via Solano,334781,5000,174000,1986,3,2,1
661,38 Via Solano,322299,5000,158000,1987,4,2,0
662,13 Via De La Mesa,344041,5000,173500,1986,3,2,1
663,15 Via De La Mesa,341692,5000,214000,1986,4,3,0
664,17 Via De La Mesa,301904,5000,173000,1986,3,2,0
665,19 Via De La Mesa,368867,5000,214000,1986,3,2,1
666,23 Via De La Mesa,370521,5000,218000,1986,3,2,0
667,20 Via Montanero,328923,5000,206000,1987,3,2,1
668,12 Via Montanero,376778,5000,205000,1987,4,3,0
669,8 Via Montanero,349760,5000,228000,1987,3,2,0
670,11 Via Gardenia,327660,3750,213500,1986,3,2,1
671,18 Via Magnolia,331336,3750,185500,1986,4,3,0
672,20 Via Magnolia,361926,3750,245000,1986,3,3,0
673,3 Via Becerra,260488,3750,138000,1986,3,3,0
674,1 Via Becerra,270279,3750,144500,1986,3,2,1
675,6 Via Gardenia,754290,3750,614000,1986,3,2,1
676,8 Via Menta,220103,3750,117500,1986,2,2,0
677,3 Via Maya,327115,3750,125500,1986,5,3,0
678,7 Via Maya,324417,3750,224000,1986,2,2,0
679,9 Via Maya,487083,3750,350000,1986,3,3,0
680,13 Via Mariposa,157178,3750,223000,1986,3,3,0
681,15 Via Mariposa,417144,3750,236000,1986,3,2,1
682,17 Via Mariposa,279981,3750,134500,1986,3,2,1
683,4 Via Adelfa,236810,3750,126500,1986,3,3,0
684,8 Via Maya,323960,3750,215000,1986,3,3,0
685,24 Via Ulmaria,420857,3750,238000,1986,3,2,1
686,14 Via Adelfa,235492,3750,125500,1986,3,3,0
687,3 Via Bellorita,339753,3750,200000,1986,3,3,0
688,6 Via Ulmaria,346723,3750,200000,1986,3,2,1
689,10 Via Bellorita,330740,3750,219500,1986,3,2,1
690,7 Via Ulmaria,337520,3750,224000,1986,3,2,1
691,1 Via Violeta,535946,3750,385000,1986,3,2,1
692,1 Bergenia,307048,4500,167000,1987,4,2,1
693,1 Helianthus,338206,4500,157000,1987,3,2,1
694,13 Helianthus,741783,4500,647000,1987,3,2,1
695,17 Helianthus,523946,4500,369000,1987,4,2,1
696,19 Helianthus,463363,4500,257000,1987,4,2,1
697,21 Helianthus,413635,4500,280000,1987,3,2,1
698,20 Aloysia,430435,4500,250000,1987,4,2,1
699,34 Aloysia,288825,4500,157500,1987,3,2,1
700,18 Heliopsis,345022,4500,203000,1987,3,2,1
701,12 Heliopsis,273961,4500,146500,1987,3,2,1
702,8 Heliopsis,309658,4500,163000,1987,4,2,1
703,25 Aloysia,438322,4500,265000,1987,3,2,1
704,27 Aloysia,429149,4500,290500,1987,4,2,1
705,33 Aloysia,266569,4500,196000,1987,3,2,1
706,30 Paulownia,290665,4500,155000,1987,4,2,1
707,28 Paulownia,785400,4500,208000,1987,2,2,0
708,18 Paulownia,290851,4500,155500,1987,4,2,1
709,14 Paulownia,364648,4500,218000,1987,3,2,1
710,13 Paulownia,851443,4500,633000,1987,4,2,1
711,28 Bergenia,290061,4500,190000,1987,2,2,0
712,22 Bergenia,570751,4500,410000,1987,3,2,1
713,14 Bergenia,446601,4500,250000,1987,4,2,1
714,11 Bergenia,421042,4500,237000,1987,4,2,1
715,17 Bergenia,314644,4500,201000,1987,4,2,1
716,21 Bergenia,784461,4500,643500,1987,4,2,1
717,25 Bergenia,440172,4500,310000,1987,3,2,1
718,11 Los Pioneros,274850,4500,149500,1987,3,2,1
719,10 Calle Ranchera,457952,4500,310000,1987,4,2,1
720,16 Calle Ranchera,399306,4500,265000,1987,4,2,1
721,20 Calle Ranchera,682507,4500,530000,1987,2,2,0
722,26 Calle Ranchera,397868,4500,225000,1987,3,2,1
723,15 Calle Ranchera,683417,4500,590000,1987,2,2,0
724,21 Calle Ranchera,306174,4500,199500,1987,2,2,0
725,13 Calle Vaqueta,740722,4500,646000,1987,4,2,1
726,2 El Arreo,339794,4500,196000,1987,3,2,1
727,12 El Arreo,558923,4500,409000,1987,3,2,1
728,14 El Arreo,291438,4500,190000,1987,4,2,1
729,14 Las Alforjas,255125,4500,137000,1987,2,2,0
730,4 Las Alforjas,614816,4500,450000,1987,2,2,0
731,12 Via Jaquima,457922,4500,322500,1987,4,2,1
732,10 Via Jaquima,242434,4500,129500,1987,2,2,0
733,2 Via Jaquima,156731,4500,399500,1987,2,2,0
734,15 Via Jaquima,416386,4500,287500,1987,4,2,1
735,17 Via Jaquima,434490,4500,300000,1987,3,2,1
736,8 La Cincha,468568,4500,330000,1987,4,2,1
737,6 La Cincha,222219,4500,500000,1987,2,2,0
738,4 La Cincha,508105,4500,365000,1987,3,2,1
739,1 Los Pioneros,369135,4500,150500,1987,4,2,1
740,5 La Cincha,533261,4500,335000,1987,5,3,0
741,11 La Cincha,257821,4500,137500,1987,2,2,0
742,6 Calle Vaqueta,390894,4500,270000,1987,3,2,1
743,15 Snowberry,382663,3600,269500,1987,3,2,0
744,21 Snowberry,288845,3600,175000,1987,3,2,0
745,23 Snowberry,348894,3600,157000,1987,3,2,1
746,16 Dewberry,299764,3600,180000,1987,3,2,1
747,34 Dewberry,245941,3600,351500,1987,3,2,0
748,36 Dewberry,601291,3600,440000,1987,3,2,1
749,42 Dewberry,282205,3600,153500,1987,3,2,1
750,24 Crucillo,274215,3600,147500,1987,3,2,1
751,22 Crucillo,329386,3600,190000,1987,3,2,1
752,12 Snowberry,243613,3600,151000,1987,3,2,0
753,14 Snowberry,290236,3600,158000,1987,3,2,1
754,16 Snowberry,345752,3600,170500,1987,3,2,1
755,5 Dewberry,296354,3600,161500,1987,3,2,1
756,7 Dewberry,508105,3600,365000,1987,3,2,1
757,19 Firethorn,346856,3600,209000,1987,4,2,1
758,17 Firethorn,399792,3600,218000,1987,4,2,1
759,9 Firethorn,312255,3600,157000,1987,4,2,1
760,22 Desert Thorn,412588,3600,174000,1987,4,3,1
761,16 Desert Thorn,484212,3600,309000,1987,4,2,1
762,12 Boxthorn,277267,3600,151000,1987,3,2,0
763,14 Boxthorn,312551,3600,166500,1987,3,2,1
764,21 Boxthorn,350847,3600,167500,1987,4,2,1
765,11 Boxthorn,263972,3600,143500,1987,3,2,0
766,9 Boxthorn,439130,3600,262000,1987,4,2,1
767,8 Desert Thorn,759492,3600,615500,1987,3,2,1
768,4 Desert Thorn,506711,3600,364000,1987,3,2,1
769,20 Firethorn,392962,3600,220000,1987,3,2,1
770,14 Firethorn,323444,3600,178000,1987,3,2,1
771,5 Crucillo,649789,3600,485000,1987,3,2,0
772,13 Crucillo,261045,3600,142000,1987,3,2,1
773,15 Crucillo,322555,3600,129000,1987,4,3,0
774,21 Crucillo,445459,3600,320000,1987,3,2,0
775,23 Crucillo,260129,3600,141500,1987,3,2,1
776,5 Snowberry,532468,3600,382500,1987,3,2,0
777,1 Desert Thorn,327363,3600,163000,1987,3,2,1
778,5 Desert Thorn,560291,3600,410000,1987,3,2,1
779,7 Desert Thorn,293823,3600,195000,1987,3,2,0
780,29 Desert Thorn,292487,3600,159000,1987,3,2,1
781,2 Mistletoe,248170,4000,135000,1987,3,3,0
782,4 Mistletoe,629442,4000,540000,1987,2,2,0
783,8 Mistletoe,623680,4000,456500,1987,3,3,0
784,26 Mistletoe,629442,4000,545000,1987,2,2,0
785,14 Nutmeg St,629442,4000,500000,1987,2,2,0
786,11 Mistletoe,635452,4000,465000,1987,2,2,0
787,16 Elderberry St,475835,4000,348500,1987,2,2,0
788,12 Elderberry St,268471,4000,132000,1987,3,3,0
789,2 Elderberry St,277676,4000,172000,1987,3,3,0
790,7 Elderberry St,264160,4000,140000,1987,3,2,1
791,9 Elderberry St,758451,4000,620000,1987,3,2,1
792,17 Elderberry St,247802,4000,135000,1987,3,3,0
793,18 Osoberry St,369476,4000,236000,1987,3,2,1
794,12 Osoberry St,279419,4000,175000,1987,3,2,1
795,4 Osoberry St,463602,4000,326500,1987,3,2,1
796,11 Osoberry St,231675,4000,144000,1987,2,2,0
797,29 Osoberry St,338055,4000,195000,1987,3,2,1
798,22 Mapache,369281,5000,177000,1987,3,2,1
799,7 Tejon,336053,5000,183000,1987,4,2,1
800,7 Raposa,431159,5000,203000,1987,4,2,1
801,23 Danta,839354,5000,580500,1987,4,2,1
802,21 Raposa,321764,5000,175000,1987,3,2,1
803,23 Raposa,343971,5000,187000,1987,4,2,1
804,25 Raposa,441735,5000,210000,1987,5,3,0
805,12 Raposa,383527,5000,250000,1987,4,2,1
806,14 Raposa,372941,5000,243000,1987,4,2,1
807,24 Raposa,347614,5000,226500,1987,3,2,1
808,26 Raposa,613576,5000,427000,1987,4,2,1
809,1 Danta,844804,5000,658000,1987,4,2,1
810,3 Danta,378233,5000,205000,1987,3,2,1
811,5 Danta,457208,5000,322000,1987,3,2,1
812,9 Danta,322952,5000,176000,1987,3,2,1
813,6 Tejon,344761,5000,187500,1987,4,2,1
814,1 Tejon,530034,5000,303500,1987,4,2,2
815,5 Tejon,603547,5000,335000,1987,4,2,1
816,22 Danta,479217,4140,337500,1987,3,2,1
817,16 Danta,354137,5000,215000,1987,4,2,1
818,12 Danta,355280,5000,188500,1987,4,2,1
819,8 Danta,375740,5000,240000,1987,4,2,1
820,4 Danta,495694,5000,209000,1987,4,3,1
821,15 Rana,597199,5000,429000,1987,4,2,1
822,21 Rana,461470,5000,325000,1987,3,2,1
823,23 Rana,353753,5000,230500,1987,3,2,1
824,25 Rana,328579,5000,210000,1987,4,2,1
825,9 Tepolito,384234,5000,255000,1989,3,2,1
826,17 Tepolito,329788,5000,179000,1989,3,2,1
827,8 Tepolito,476103,4278,305000,1987,3,2,1
828,6 Tepolito,532467,4370,375000,1987,4,2,1
829,2 Tepolito,496624,5000,343000,1987,3,2,1
830,20 Rana,312603,5000,170000,1987,3,2,1
831,14 Rana,306737,5000,190000,1987,4,2,1
832,10 Rana,476945,5000,296000,1987,5,2,1
833,8 Rana,655951,5000,480000,1987,3,2,1
834,6 Rana,327540,5000,178500,1987,4,2,1
835,2 Rana,277855,5000,177500,1987,3,2,0
837,11 Calle Alimar,437063,5400,246000,1989,2,2,1
838,9 Calle Alimar,415661,4750,287000,1989,4,2,1
839,7 Calle Alimar,279551,4750,150000,1989,3,2,1
840,5 Calle Alimar,384077,6175,212000,1989,4,2,1
841,6 Calle Alimar,403792,5625,172000,1989,3,2,1
842,16 Calle Alimar,522026,4000,375000,1989,4,2,1
843,10 Calle Horca,510890,4900,367000,1989,4,2,1
844,11 Calle Coturno,301471,4750,154000,1989,2,2,0
845,20 Calle Espolon,364882,4875,247000,1989,3,2,1
846,15 Calle Espolon,257062,4450,167500,1989,2,2,0
847,19 Calle Espolon,279419,4250,175000,1989,3,2,1
848,21 Calle Espolon,352830,5100,230000,1989,4,2,1
849,14 Calle Albarda,342043,3800,227000,1989,3,2,1
850,6 Calle Albarda,373355,4000,207500,1989,3,2,1
851,4 Calle Albarda,396835,4800,274000,1989,2,2,0
852,3 Calle Albarda,274707,12400,179000,1989,2,2,0
853,17 Calle Albarda,385082,5750,214000,1989,4,2,1
854,8 Calle Bieldo,338055,4450,195000,1989,2,2,0
855,18 Calle Bieldo,686016,4151,502000,1989,3,2,1
856,22 Calle Coturno,333673,4125,172000,1989,3,2,1
857,4 Calle Coturno,278624,4000,175000,1989,3,2,1
858,13 Temecula Ct,770936,3442,627500,1988,3,3,0
859,9 Temecula Ct,510684,3592,332000,1988,4,3,0
860,3 Pima Ct,560291,3850,410000,1988,3,3,0
861,5 Pima Ct,725158,3361,625000,1988,3,2,1
862,11 Pima Ct,354107,3871,244500,1988,3,3,0
863,15 Pima Ct,275056,4119,153000,1988,3,3,0
864,19 Pima Ct,284070,3500,158000,1989,3,3,0
865,7 Petaluma Ct,763653,4875,630000,1989,3,2,1
866,3 Petaluma Ct,285871,3750,159000,1989,3,2,1
867,1 Petaluma Ct,305712,6000,170000,1989,3,2,1
868,11 Lompoc Ct,448230,4226,328000,1989,2,2,0
869,6 Ojai Ct,356014,4510,241000,1989,3,2,1
870,1 Koso Pl,524826,4500,377000,1989,3,2,1
871,11 Koso Pl,528987,4118,380000,1989,3,2,1
872,6 Koso Pl,333712,6340,209000,1988,5,3,0
873,12 Mohave Way,331869,4305,184500,1988,3,2,1
874,14 Mohave Way,263146,4250,163000,1988,3,2,1
875,34 Mohave Way,532467,3536,369000,1989,3,2,1
878,7 La Cascada,404673,3520,285000,1990,3,2,0
879,11 El Canto,397851,3200,225000,1989,3,2,1
880,21 El Canto,489869,3280,345000,1989,3,2,1
881,30 El Canto,400521,3825,227000,1989,3,2,1
882,18 El Canto,257506,3960,164500,1989,3,2,1
883,16 El Canto,262984,3920,168000,1989,3,2,1
884,15 La Cueva,271279,3400,170000,1989,3,2,1
885,21 La Cueva,348071,3520,231000,1989,3,2,1
886,18 La Cueva,491400,4536,353000,1989,3,2,1
887,4 La Cueva,398772,4120,226000,1989,3,2,1
888,17 Los Abitos,272811,3400,167000,1989,3,2,1
889,19 Los Abitos,69729,3400,201000,1989,3,2,1
890,14 Los Abitos,726828,4300,542500,1989,3,2,1
891,8 Los Abitos,499714,3731,350000,1989,3,2,0
892,4 Los Abitos,663188,3913,495000,1989,3,2,1
893,19 Las Piedras,355604,3280,236000,1989,3,2,1
894,20 Las Piedras,379824,4200,267500,1989,3,2,0
895,4 Las Piedras,433073,3960,305000,1989,3,2,0
896,2 Las Piedras,404077,4214,272000,1989,3,2,1
897,7 Los Picos,277715,4000,170000,1989,3,2,1
898,20 Los Picos,308720,3320,170000,1989,3,2,1
899,14 Los Picos,264272,3200,172500,1989,3,2,1
900,8 Los Picos,494047,3200,355000,1989,3,2,1
901,9 La Cascada,414612,3400,292000,1989,3,2,1
902,17 La Cascada,278530,3200,9000,1989,3,2,1
903,21 La Cascada,254843,3200,163000,1989,3,2,1
904,43 Alumbre,250458,4000,160000,1989,3,3,0
905,2 Salvia,730800,4000,567500,1989,3,3,0
906,5 Cebolla,729049,4000,562000,1989,3,2,1
907,7 Cebolla,317935,4000,211000,1989,3,3,0
908,9 Cebolla,271437,4000,170000,1989,3,2,1
909,17 Cebolla,362559,4000,201500,1989,3,3,0
910,18 Romero,393937,4000,272000,1989,3,2,1
911,4 Romero,367690,4000,249000,1989,3,2,1
912,15 Mejorana,324996,4000,220000,1989,3,3,0
913,19 Mejorana,258286,4000,165000,1989,3,3,0
914,8 Cebolla,386696,4000,267000,1989,3,2,1
915,7 Salvia,333491,4000,185000,1989,3,2,1
916,12 Mejorana,299917,4000,168000,1989,3,2,1
917,40 Eneldo,405526,4000,280000,1989,3,3,0
918,28 Eneldo,447657,4000,230000,1989,4,2,1
919,26 Eneldo,320946,4000,213000,1989,3,3,0
920,24 Eneldo,390736,4000,217000,1989,3,2,1
921,22 Eneldo,280979,4000,172000,1989,3,3,0
922,13 Alumbre,397484,4000,225000,1989,3,2,1
923,3 Alumbre,364237,4000,228000,1989,4,3,0
924,2 Eneldo,372939,4000,211000,1989,3,3,0
925,4 Eneldo,643979,4000,410000,1989,4,3,0
926,14 Alumbre,397428,4000,280000,1989,3,3,0
927,13 Romero,238717,4000,152500,1989,2,2,0
928,14 Via Carmin,676451,5340,495000,1992,4,2,1
929,6 Via Carmin,412761,5400,243000,1992,4,2,1
930,15 Via Topacio,395651,7700,223500,1992,3,2,1
931,10 Via Azur,747219,4600,243000,1992,3,3,0
932,4 Via Azur,336406,4150,215000,1992,4,2,1
933,11 Via Carmin,389492,5525,228500,1992,4,2,1
934,9 Via Rosado,368088,5980,228000,1992,4,2,1
935,17 Via Rosado,397204,4100,230000,1992,4,2,1
936,17 El Prisma,472577,4200,320000,1992,3,2,1
937,21 El Prisma,962370,4150,740000,1992,3,3,0
938,27 El Prisma,322289,4050,210000,1992,3,2,1
939,29 El Prisma,429990,4050,253000,1992,3,3,0
940,45 El Prisma,367602,4428,213000,1992,3,2,1
941,17 San Gabriel,840475,5856,707500,1992,3,2,1
942,7 San Gabriel,442412,5673,254000,1992,3,3,0
943,3 San Gabriel,476026,7000,253500,1992,3,2,1
944,1 Buenaventura,486009,10500,259000,1992,3,3,0
945,5 Buenaventura,427422,6300,278500,1992,3,2,1
946,9 Buenaventura,506308,6400,330000,1992,3,3,0
947,24 Buenaventura,626434,8250,450000,1993,3,2,1
948,1 Mission St,380378,5700,251000,1992,3,3,0
949,6 San Gabriel,504783,5890,335000,1992,3,2,1
950,3 La Purisima,469953,5795,277000,1991,3,3,0
951,5 La Purisima,479825,5612,276000,1992,3,3,0
952,29 San Gabriel,446187,6048,241500,1992,3,2,1
953,39 San Gabriel,441425,6825,259000,1991,3,3,0
954,41 San Gabriel,389786,6624,249000,1992,3,3,0
955,11 La Purisima,998135,5394,745000,1992,3,3,0
956,8 Mission St,447844,6650,260000,1992,3,3,0
957,10 La Purisima,936102,6844,685000,1992,3,2,1
958,14 La Purisima,709508,6120,499500,1992,3,3,0
959,1 San Fernando,467387,7475,275000,1992,3,3,0
960,3 San Fernando,425326,7504,240000,1992,3,2,1
961,5 San Fernando,481930,8000,295000,1992,3,3,0
962,6 San Fernando,467555,5130,275500,1992,3,3,0
963,1 Via Arribo,412372,6650,251500,1993,4,3,0
964,23 Via Gatillo,330501,4756,207000,1995,3,3,0
965,17 Via Gatillo,386135,4510,215000,1995,3,3,0
966,1 Via Gatillo,360410,6300,226000,1995,3,3,0
967,20 Via Gatillo,553977,4250,382500,1995,3,3,0
968,7 El Morro,353246,4920,221000,1996,4,3,0
969,10 Campamento,473300,4399,340000,1996,3,2,1
970,6 Campamento,333602,4346,210000,1996,4,3,0
971,1 Mira Segura,432194,4960,247000,1997,4,2,1
972,7 Mira Segura,785778,4560,575000,1997,4,2,1
973,22 Mira Segura,643834,4300,462500,1997,4,2,1
974,3 Las Balas,407929,4940,266000,1997,4,2,1
975,5 Las Balas,377780,5096,241500,1997,5,3,0
976,13 Las Balas,428341,4233,279500,1998,4,2,1
977,4 Las Balas,688655,5270,490000,1997,4,2,1
978,4 Mira Segura,341695,4100,220000,1997,4,2,1
979,3 El Balazo,703784,4264,515000,1997,3,2,1
980,7 El Balazo,765279,4100,560000,1997,3,2,1
981,9 El Balazo,361001,4150,233000,1997,4,2,1
982,13 El Balazo,366953,4050,239500,1997,4,2,1
983,32 El Morro,270875,4692,176500,1996,3,2,1
984,30 El Morro,342242,4784,223000,1996,4,3,0
985,17 Via Encaro,525366,4698,375000,1991,3,2,1
986,7 Via Encaro,428409,4950,290000,1991,3,2,1
987,3 Via Encaro,407979,6175,234000,1991,4,2,1
988,39 Via Gatillo,348882,4500,218500,1992,3,3,0
989,49 Via Gatillo,362380,4680,206500,1992,3,2,1
990,51 Via Gatillo,401565,4500,241000,1992,3,3,0
991,53 Via Gatillo,812604,4050,715000,1992,3,2,1
992,61 Via Gatillo,379906,4250,228000,1992,4,2,1
993,64 Via Gatillo,933238,6000,745000,1992,4,2,1
994,42 Via Gatillo,388700,4920,233500,1992,4,2,1
995,33 El Morro,917748,4264,685000,1996,3,2,1
996,46 El Morro,921794,5400,790000,1996,4,2,1
997,44 El Morro,296198,4950,193000,1996,3,2,1
998,42 El Morro,340599,4700,220000,1996,4,2,1
999,15 El Balazo,372779,4050,243000,1997,4,2,1
1000,21 El Balazo,456803,4800,271500,1997,4,2,1
1001,4 San Solano,489711,6300,322000,1993,4,2,1
1002,4 Obispo,579327,4950,400000,1993,3,2,1
1003,13 Via Torre,391197,5640,250000,1993,3,2,1
1004,1 Via Torre,550215,6000,380000,1993,3,2,1
1005,36 La Purisima,399899,7350,240000,1992,3,3,0
1006,7 Calle Serra,912638,5890,775000,1992,3,3,0
1007,15 Obispo,430094,4950,257000,1993,3,3,0
1008,16 Obispo,420531,5358,227000,1993,3,2,1
1009,17 Via Torre,379384,5335,230000,1993,4,2,1
1010,35 La Purisima,394420,7840,257000,1992,3,3,0
1011,45 La Purisima,519151,7000,300000,1992,3,3,0
1012,26 Calle Serra,844854,7000,595000,1992,3,3,0
1013,4 Via Tranquila,392641,5580,250500,1993,3,2,1
1014,3 Via Vison,483688,6300,321000,1998,4,2,1
1015,5 Via Vison,629497,6208,374000,1998,5,2,1
1016,9 Via Vison,949885,6050,765000,1998,4,2,1
1017,14 Via Vison,474646,6440,315000,1996,3,2,1
1018,7 Calle Marta,520287,5488,246500,1997,5,4,1
1019,11 Calle Marta,685544,9800,335500,1997,5,3,1
1020,45 Calle Gazapo,937843,6174,700000,1997,4,2,1
1021,51 Calle Gazapo,653163,6363,460000,1997,4,2,1
1022,53 Calle Gazapo,781233,6262,525000,1996,3,3,0
1023,4 Las Pisadas,981617,6505,865000,1997,4,2,1
1024,5 Via Berrendo,571708,5917,387000,1996,3,3,0
1025,58 Calle Gazapo,890932,7150,640000,1996,4,3,0
1026,60 Calle Gazapo,1026874,7000,899000,1996,3,2,1
1027,1 Via Onagro,460585,7500,278000,1996,5,3,0
1028,3 Via Onagro,404398,5400,263500,1996,4,3,0
1029,7 Via Onagro,448909,6600,293000,1997,4,2,1
1030,9 Via Onagro,394420,6160,257500,1997,4,3,0
1031,10 Via Onagro,596575,6600,360000,1996,4,2,1
1032,15 Brisa Fresca,706180,5886,480000,1993,3,2,1
1033,5 Via Neblina,400010,8990,226000,1993,3,2,1
1034,8 Via Neblina,683284,4752,500000,1993,3,2,1
1035,9 Relampago,360795,4800,223500,1994,3,2,1
1036,5 Relampago,900139,6540,699000,1994,3,2,1
1037,6 Relampago,405243,5616,224500,1994,3,2,1
1038,10 Relampago,365814,4505,223500,1994,3,2,1
1039,57 Brisa Fresca,941562,7154,775000,1994,3,3,0
1040,27 Brisa Fresca,373538,10904,234500,1993,3,2,1
1041,4 Via Neblina,956127,9100,813000,1993,4,4,0
1042,2 Relampago,869774,8000,656000,1994,3,2,1
1043,24 Brisa Fresca,344570,4472,209500,1993,3,2,1
1044,46 Brisa Fresca,355901,4160,219000,1994,3,3,0
1045,58 Brisa Fresca,365011,7688,223000,1994,3,2,1
1046,16 Via Tronido,343463,4128,196500,1994,3,2,1
1047,24 Via Tronido,295862,5000,189000,1994,3,2,1
1048,22 Via Boyero,640920,3948,469000,1994,3,2,1
1049,14 Via Boyero,314331,4074,203500,1994,3,2,1
1050,11 El Potro,438113,3990,297500,1994,3,2,1
1051,15 El Potro,887461,4032,750000,1994,3,2,1
1052,19 El Potro,534896,4515,358000,1994,3,2,1
1053,21 El Potro,755661,4452,530000,1994,3,2,1
1054,25 El Potro,368271,4558,213500,1994,3,2,1
1055,27 El Potro,352830,3811,230000,1994,3,2,1
1056,33 El Potro,525227,4940,370000,1994,3,2,1
1057,28 El Potro,314524,4100,193500,1994,3,2,1
1058,26 El Potro,872472,4100,625000,1994,4,2,1
1059,5 Via Silla,520038,3960,341000,1994,3,2,1
1060,41 Via Tronido,870814,8305,800000,1994,3,2,1
1061,49 Via Tronido,370696,6148,230000,1994,3,2,1
1062,50 Via Tronido,495740,5704,329000,1994,3,3,0
1063,54 Via Tronido,319339,5551,204000,1995,3,2,0
1064,19 Via Silla,638184,3690,467000,1994,3,2,1
1065,6 Via Silla,444915,4998,290000,1994,3,2,1
1066,12 Via Silla,918673,3680,722000,1994,3,2,1
1067,20 Via Silla,918673,3870,735000,1994,3,2,1
1068,59 Via Brida,333690,3840,189000,1993,3,2,1
1069,51 Via Brida,300749,4092,184500,1993,3,2,1
1070,49 Via Brida,461285,4092,325000,1993,3,2,1
1071,47 Via Brida,591630,3990,425000,1993,3,2,1
1072,48 Via Brida,336920,4277,194000,1993,3,2,1
1073,56 Via Brida,326076,4500,195000,1993,3,2,1
1074,58 Via Brida,348286,4650,210000,1993,3,2,1
1075,62 Via Brida,355952,4794,206500,1993,3,2,1
1076,26 Via Frontera,376252,6435,192500,1993,3,2,1
1077,22 Via Frontera,414371,3895,275000,1993,3,2,1
1078,12 Via Frontera,303583,3864,178500,1993,3,2,1
1079,61 Via Tronido,772114,7150,565000,1993,3,3,0
1080,55 Via Tronido,317418,4505,200000,1995,3,2,0
1081,19 Via Brida,598455,6540,430000,1993,4,2,1
1082,15 Via Brida,355387,5145,199500,1993,3,2,1
1083,2 Via Brida,373721,5100,224500,1993,3,2,1
1084,10 Via Brida,351009,4230,202000,1993,3,2,1
1085,25 El Cencerro,324930,3864,195000,1993,3,2,1
1086,2 El Cencerro,309670,5661,223636,1997,3,2,1
1087,12 El Cencerro,556828,4800,400000,1992,3,2,1
1088,36 Via Brida,349114,3680,210000,1993,3,2,1
1089,43 El Cencerro,566571,4324,407000,1993,3,2,1
1090,47 El Cencerro,397503,4324,195000,1993,3,2,1
1091,55 El Cencerro,375737,10100,225500,1993,3,2,1
1092,62 El Cencerro,404963,6160,225000,1993,4,3,1
1093,38 El Cencerro,553625,3906,390000,1993,3,2,1
1094,32 El Cencerro,542243,4136,360000,1993,3,2,1
1095,30 El Cencerro,343738,4370,191500,1993,3,2,1
1096,17 Calle Gazapo,765645,5670,550000,1994,4,3,0
1097,27 Calle Gazapo,363797,6000,255500,1994,4,3,0
1098,31 Calle Gazapo,389543,5890,241500,1994,4,3,0
1099,15 Calle Gazapo,379621,5850,225000,1996,4,2,1
1100,5 Calle Gazapo,455046,8100,285000,1993,4,3,0
1101,3 Calle Gazapo,387595,5225,248000,1996,3,2,1
1102,4 Via Onza,402506,5005,246000,1994,3,2,1
1103,2 Via Onza,489180,5005,303000,1994,4,3,0
1104,7 Via Onza,437743,6000,247500,1994,3,2,1
1105,9 Via Onza,418526,5980,236000,1994,4,2,1
1106,16 Calle Gazapo,422045,7600,275000,1994,3,2,1
1107,16 Via Indomado,385906,5336,237500,1994,4,3,0
1108,4 Via Tigra,408080,5665,251000,1994,4,3,0
1109,6 Via Tigra,360044,5390,230000,1994,4,2,1
1110,23 Las Pisadas,716921,6045,515000,1997,4,2,1
1111,18 Via Arribo,611248,7020,406000,1998,4,2,1
1112,16 Via Arribo,608278,7200,404000,1998,5,2,1
1113,21 Via Tigra,884565,5400,820000,1994,3,2,1
1114,9 Via Tigra,792474,5460,580000,1994,3,2,1
1115,7 Via Tigra,899904,5005,810000,1994,4,2,1
1116,10 Las Pisadas,437292,7200,259000,1997,4,2,1
1117,36 Las Pisadas,563405,7000,365500,1998,5,2,1
1118,33 Las Pisadas,1023753,6875,780000,1998,4,2,1
1119,15 Via Arribo,599362,6300,384500,1998,4,2,1
1120,15 Via Berrendo,795157,5244,560000,1997,4,2,1
1121,17 Via Berrendo,369408,5187,241000,1997,4,3,0
1122,25 Via Berrendo,438218,8250,280000,1997,4,2,1
1123,22 Via Berrendo,1014390,5700,960000,1997,4,3,0
1124,16 Via Onagro,715744,6380,475000,1997,4,2,1
1125,12 Via Onagro,954703,6720,969000,1996,4,3,0
1126,2 Via Babera,529790,6175,345500,1997,5,2,1
1127,4 Via Babera,480178,6000,312000,1997,4,2,1
1128,10 Via Babera,632776,6300,395000,1997,4,2,1
1129,12 Via Babera,927214,6900,653000,1997,4,4,1
1130,14 Via Babera,613072,6825,415000,1997,4,2,1
1131,15 Via Liebre,632745,9750,393500,1997,4,3,0
1132,10 Via Liebre,1006024,8000,925000,1997,5,2,0
1133,4 Via Liebre,467938,6500,302000,1997,5,2,0
1134,15 Via Babera,551383,7600,360500,1998,5,2,1
1135,17 Via Babera,501016,6700,332500,1998,5,2,1
1136,18 El Corzo,462720,6650,302000,1997,4,3,0
1137,12 El Corzo,442770,6900,288500,1997,4,2,1
1138,12 Via Anta,1018759,6650,969000,1997,4,3,0
1139,6 El Corzo,414375,6000,270000,1997,4,3,0
1140,4 Las Fieras,418979,7140,273000,1997,4,3,0
1141,5 Via Puma,901939,6000,660000,1997,4,3,0
1142,9 Via Puma,564441,7000,350000,1997,4,3,0
1143,4 Via Puma,538431,5400,306000,1997,4,3,0
1144,11 Las Fieras,768127,8820,540000,1997,3,2,1
1145,15 Las Fieras,432794,5500,282000,1997,4,2,1
1146,17 Las Fieras,828291,6240,595000,1997,3,3,0
1147,25 Las Fieras,759556,7200,478500,1997,4,3,0
1148,1 Calle Liberacion,860349,3358,655000,1998,3,2,1
1149,24 Calle Alamitos,433072,3580,305000,1998,3,2,1
1150,30 Calle Alamitos,321765,3478,209000,1998,3,2,1
1151,6 Via Estrada,450110,3651,317000,1998,3,2,1
1152,45 Calle Alamitos,556690,3304,400000,1998,3,2,1
1153,43 Calle Alamitos,488688,3198,351500,1998,3,2,1
1154,33 Calle Alamitos,857629,3063,666000,1998,3,2,1
1155,9 Calle Alamitos,640356,3066,460000,1998,3,2,1
1156,7 Via Clemente,556829,3403,400000,1997,3,2,1
1157,6 Via Clemente,813110,3015,595000,1997,3,2,1
1158,4 Via Clemente,743886,3015,580000,1997,3,2,1
1159,2 Via Acosta,376559,3216,262000,1998,3,2,1
1160,6 Via Acosta,625009,4691,440000,1998,3,2,1
1161,57 Calle Alamitos,370672,3638,246000,1998,3,2,1
1162,47 Calle Alamitos,159798,3608,395000,1998,3,2,1
1163,26 Calle San Luis Rey,602655,3137,441000,1997,3,2,1
1164,15 Pyrite,327729,3893,217500,1998,3,2,1
1165,3 Pyrite,803866,10192,600000,1998,3,2,1
1166,1 Plushstone,452421,5181,325000,1998,3,2,1
1167,19 Plushstone,587622,3882,430000,1998,3,2,1
1168,31 Plushstone,356357,3776,237500,1999,3,2,1
1169,20 Plushstone,710082,3546,530000,1998,3,2,1
1170,22 Plushstone,412528,3546,270000,1998,4,3,0
1171,26 Plushstone,584669,3696,420000,1999,4,3,0
1172,28 Plushstone,427250,3465,295000,1999,3,2,1
1173,30 Plushstone,778926,3528,665000,1999,3,2,1
1174,33 Tanzanite,369315,4359,250000,1999,3,2,1
1175,29 Tanzanite,706764,3992,625000,1999,3,2,1
1176,19 Tanzanite,659688,4219,474000,1998,3,2,1
1177,1 Tanzanite,333454,4033,221500,1998,3,2,1
1178,20 Pyrite,417470,4626,280000,1998,4,3,0
1179,12 Tanzanite,381218,3527,253000,1998,3,2,1
1180,20 Tanzanite,477091,3464,336000,1998,3,2,1
1181,19 Ametrine Way,528847,3934,380000,1999,3,2,1
1182,16 Ametrine Way,403631,3468,254500,1999,3,2,1
1183,22 Ametrine Way,716781,3468,535000,1999,3,2,1
1184,30 Ametrine Way,422466,3797,285000,1999,3,2,1
1185,38 Ametrine Way,706764,3976,610000,1999,3,2,1
1186,35 Korite,397384,4118,269000,1999,3,2,1
1187,29 Korite,413635,3708,280000,1999,4,3,0
1188,18 Lazurite,857289,3696,740000,1999,4,3,0
1189,28 Lazurite,836481,3698,695000,1999,4,3,0
1190,15 Spinel Ct,459403,8398,317000,2000,4,3,0
1191,11 Spinel Ct,576324,6659,367000,2000,3,3,0
1192,22 Korite,678637,3747,487500,1999,3,3,0
1193,30 Korite,819835,3870,665000,1999,3,2,1
1194,32 Korite,418952,3580,284000,1999,4,3,0
1195,29 Lazurite,407725,3632,276500,1999,5,2,1
1196,36 Lazurite,570751,3760,410000,1998,5,2,1
1197,7 Feldspar Way,808390,3480,715000,1998,5,2,1
1198,15 Feldspar Way,452202,3819,298000,1998,3,2,1
1199,17 Feldspar Way,808390,4638,725000,1998,5,2,1
1200,35 Feldspar Way,808390,4770,640000,1998,5,2,1
1201,39 Feldspar Way,507271,4611,336000,1998,4,2,1
1202,10 Feldspar Way,417370,4312,273000,1998,4,3,0
1203,29 Anglesite,912430,3989,750000,1998,3,3,0
1204,28 Anglesite,924607,3696,718000,1998,3,3,0
1205,18 Anglesite,471838,4131,319500,1999,3,3,0
1206,12 Anglesite,912430,4001,780000,1999,3,3,0
1207,5 Ammolite,687384,3939,503000,1999,4,3,0
1208,9 Ammolite,862491,3848,721000,1999,4,3,0
1209,19 Ammolite,524142,4120,330000,1999,4,3,0
1210,23 Ammolite,619475,3555,445000,1998,4,3,0
1211,21 Baldosa,418304,4794,228000,1992,2,2,1
1212,11 Baldosa,670267,5700,485000,1992,3,2,1
1213,9 Baldosa,612371,5664,440000,1992,3,2,1
1214,16 Baldosa,463347,6480,307500,1992,3,2,1
1215,4 Placita,456583,4620,297500,1992,3,3,0
1216,18 Placita,413022,5640,248000,1992,3,3,0
1217,22 Placita,569386,5520,401000,1992,3,3,0
1218,25 Saltillo,705370,5225,485000,1993,3,2,1
1219,17 Saltillo,596365,4750,420000,1993,3,3,0
1220,9 Saltillo,397343,4750,230000,1994,3,2,1
1221,5 Saltillo,500144,7125,315000,1994,3,2,1
1222,2 Saltillo,506425,6375,295000,1994,4,3,1
1223,18 Saltillo,385556,4500,235000,1993,3,2,1
1224,20 Saltillo,828060,4500,820000,1993,3,3,0
1225,7 Via Trompeta,286598,5355,172000,1992,2,2,1
1226,9 Via Trompeta,430144,5376,297000,1992,3,3,0
1227,20 Via Trompeta,547474,5848,283000,1992,3,2,1
1228,21 El Guiro,368574,5200,195000,1992,3,3,0
1229,2 El Guiro,473894,3850,193500,1992,4,2,1
1230,8 El Guiro,681020,5070,425000,1992,4,3,0
1231,30 Los Platillos,417195,4875,270000,1994,3,3,0
1232,32 Los Platillos,802526,4440,599000,1994,3,2,1
1233,36 Los Platillos,281070,4000,174500,1994,3,2,1
1234,39 Los Platillos,805269,4800,700000,1994,3,2,1
1235,26 Las Castanetas,745966,4960,640000,1992,3,2,1
1236,23 Los Platillos,306255,4940,190000,1993,3,3,0
1237,25 Los Platillos,810471,5070,675000,1993,3,2,1
1238,27 La Sordina,545113,4565,369000,1995,4,2,1
1239,49 La Sordina,880802,5170,740000,1995,4,2,1
1240,42 Las Castanetas,320924,4002,190500,1992,3,2,1
1241,46 Las Castanetas,471238,4800,205000,1992,5,2,1
1242,9 La Sinfonia,476491,5400,329000,1992,3,3,0
1243,3 La Sinfonia,363001,8250,203000,1992,3,3,0
1244,1 La Sinfonia,309409,6650,195000,1992,3,2,1
1245,6 La Sinfonia,250233,4950,155000,1992,2,2,1
1246,10 La Sinfonia,628619,5580,460000,1992,3,2,1
1247,21 Las Castanetas,680553,4500,498000,1995,3,3,0
1248,9 Las Castanetas,401816,4800,272000,1995,3,3,0
1249,6 Las Castanetas,320070,4160,168000,1995,2,2,1
1250,18 Las Castanetas,477795,4800,330000,1995,3,3,0
1251,12 La Cuerda,269094,4453,172000,1993,3,2,1
1252,15 La Cuerda,570751,6324,410000,1993,3,3,0
1253,4 La Flauta,805269,6000,605000,1993,3,2,1
1254,9 La Flauta,313656,4940,190500,1993,3,3,0
1255,2 La Cuerda,406247,4800,275000,1993,3,2,1
1256,8 Los Platillos,606943,4000,436000,1994,3,3,0
1257,3 Los Platillos,335900,4125,208500,1994,3,2,1
1258,23 La Sordina,326034,4400,202500,1995,4,2,1
1259,19 La Sordina,349519,4000,219000,1995,4,2,1
1260,9 La Sordina,525466,4950,333182,1995,4,3,0
1261,2 La Sordina,418220,7500,230000,1995,4,3,0
1262,18 La Sordina,296286,4345,186000,1995,4,3,0
1263,8 Colorido,828060,5040,820000,1992,3,3,0
1264,11 Colorido,411304,5040,268000,1992,3,3,0
1265,19 Colorido,567969,4400,400000,1992,3,3,0
1266,33 Colorido,324037,6090,207000,1992,3,2,1
1267,37 Colorido,491339,6300,280000,1992,3,2,1
1268,11 Via Anadeja,638964,5000,450000,1996,5,3,0
1269,23 Via Anadeja,479158,4750,240000,1994,4,3,0
1270,41 Via Anadeja,577877,5000,399000,1994,4,3,0
1271,16 Via Anadeja,973814,5250,865000,1994,5,3,0
1272,34 Via Anadeja,392129,5225,240000,1994,4,3,0
1273,15 Porcelana,781048,5525,722000,1996,4,2,1
1274,11 Porcelana,443958,5225,255000,1996,4,3,0
1275,2 Porcelana,619416,6375,395000,1995,4,2,1
1276,4 Porcelana,349326,6375,212000,1996,3,3,0
1277,6 Porcelana,308228,5000,197000,1996,4,2,1
1278,18 Ceramica,572143,5200,370000,1994,4,2,1
1279,12 Ceramica,501361,4200,340000,1994,4,2,1
1280,6 Ceramica,533359,5250,346000,1994,4,3,0
1281,11 Ceramica,499317,4400,338000,1994,4,3,0
1282,19 Ceramica,542924,5074,298000,1994,5,2,1
1283,25 Ceramica,420292,4756,214500,1994,5,3,0
1284,28 Arcilla,826077,6375,650000,1995,4,2,1
1285,26 Arcilla,476420,5950,322500,1995,4,3,0
1286,12 Arcilla,474922,5200,194000,1995,4,2,1
1287,29 Arcilla,470283,5880,213000,1995,4,3,0
1288,20 Via Bandada,785130,7800,564000,1996,4,3,0
1289,22 Via Bandada,982137,7150,890000,1996,5,3,0
1290,24 Via Bandada,720865,6000,527500,1996,4,3,0
1291,30 Via Bandada,375545,7800,240000,1996,4,3,0
1292,1 Via Bandada,623428,10875,360000,1994,5,3,0
1293,21 Via Belmonte,487403,7500,302000,1994,5,3,0
1294,16 Via Belmonte,439518,7125,275000,1994,5,3,0
1295,29 Via Bandada,375514,9000,235000,1996,4,3,0
1296,36 Via Perico,417857,5700,226500,1995,4,3,0
1297,32 Via Perico,450187,5700,252500,1995,4,3,0
1298,6 Via Perico,392557,7150,242000,1995,4,3,0
1299,1 Via Perico,1128834,6630,1055000,1995,4,3,0
1300,15 Via Perico,427983,4700,239000,1995,4,3,0
1301,35 Via Perico,452747,8415,295000,1995,4,3,0
1302,18 Las Plumas,463365,7350,296000,1995,5,3,0
1303,7 Via Taliana,971661,9750,630000,1995,5,3,0
1332,61 Alondra,316341,3036,179000,1989,2,2,1
1333,69 Alondra,702041,3036,524000,1989,2,2,1
1334,71 Alondra,698784,3036,532000,1989,3,2,1
1335,79 Alondra,231736,3614,151000,1989,3,2,1
1336,4 Colibri,174038,3614,109000,1989,2,2,0
1337,74 Alondra,234330,3036,162000,1989,2,2,0
1338,68 Alondra,272879,3036,181500,1989,3,2,1
1339,43 Pinzon,214854,3243,140000,1989,2,2,1
1340,1 Alondra,263268,3685,158000,1992,2,2,1
1341,17 Alondra,391894,3685,276000,1989,3,2,1
1342,19 Alondra,663321,3685,505000,1989,2,2,1
1343,21 Alondra,576690,3685,422000,1989,2,2,0
1344,45 Alondra,375625,3331,251000,1989,3,2,1
1345,53 Alondra,308205,3331,177000,1989,2,2,1
1346,55 Alondra,503227,3331,464000,1989,3,2,1
1347,2 Codoniz,487226,3685,297500,1989,3,2,1
1348,6 Codoniz,406484,3685,292000,1989,2,2,1
1349,12 Cuervo,412616,3685,285000,1992,3,2,1
1350,11 Pinzon,280676,3319,190000,1989,2,2,1
1377,137 Mira Mesa,774810,4337,590000,1992,3,2,1
1378,107 Mira Mesa,273022,3271,178000,1992,3,3,0
1379,105 Mira Mesa,253223,3271,145000,1992,2,2,1
1380,1 Mira Mesa,628484,2718,460000,1991,2,2,0
1381,90 Mira Mesa,774837,3847,590000,1992,3,3,0
1382,89 Mira Mesa,341246,3847,231000,1992,3,2,1
1383,85 Mira Mesa,756975,3847,500000,1992,3,3,0
1384,68 Mira Mesa,376475,4341,240000,1992,4,2,1
1385,45 Mira Mesa,405525,3676,280000,1993,3,2,1
1386,41 Mira Mesa,526130,3676,385000,1993,3,3,0
1387,40 Mira Mesa,790469,3676,590000,1993,3,2,1
1388,38 Mira Mesa,276243,3676,180000,1993,3,3,0
1389,34 Mira Mesa,387422,3676,267500,1993,3,2,1
1422,117 Montana Del Lago Dr,431539,1437,310000,1990,2,2,0
1423,69 Montana Del Lago Dr,176484,1437,115000,1990,2,2,1
1424,71 Montana Del Lago Dr,437161,1437,320000,1990,2,2,1
1425,94 Montana Del Lago Dr,498794,1437,365000,1990,3,2,0
1426,86 Montana Del Lago Dr,247109,1437,164000,1990,2,2,0
1427,74 Montana Del Lago Dr,311382,1437,215000,1990,2,2,0
1428,66 Montana Del Lago Dr,550723,1437,403000,1990,3,2,0
1430,138 Montana Del Lago Dr,361795,1437,260000,1990,2,2,1
1431,49 Montana Del Lago Dr,505695,1451,380000,1992,2,2,0
1432,1 Montana Del Lago Dr,485128,1451,356000,1992,2,2,1
1449,37 Pomelo,364718,1366,262000,1990,2,2,0
1450,33 Pomelo,532961,1366,390000,1990,2,2,0
1451,29 Pomelo,97199,1366,62500,1990,1,1,0
1452,19 Pomelo,170753,1366,98500,1990,1,1,0
1453,9 Pomelo,303716,1366,214000,1990,2,2,0
1454,11 Pomelo,522511,1366,390000,1990,2,2,0
1455,1 Pomelo,214197,1366,6000,1990,2,2,0
1456,4 Pomelo,258418,1366,182000,1990,2,2,0
1457,12 Pomelo,342842,1366,256000,1990,1,1,0
1458,24 Baya,151676,1342,95000,1990,2,2,0
1459,22 Baya,353163,1342,254000,1990,2,2,0
1460,12 Baya,169007,1342,117000,1990,1,1,0
1461,6 Baya,178858,1342,123500,1990,1,1,0
1621,6 Vista Colinas,380534,9999,268000,1989,3,2,1
1622,16 Vista Cielo,182139,9999,101000,1989,2,2,0
1623,21 Vista Colinas,463259,9999,339000,1989,2,2,1
1624,16 Vista Colinas,441978,9999,317500,1989,3,2,1
1625,34 Vista La Cuesta,209962,9999,131500,1989,2,2,1
1690,91 Via Cuidado,83937,1125,52000,1991,2,2,0
1691,83 Via Cuidado,99599,1125,76000,1991,2,2,0
1692,29 Via Cuidado,84784,1125,57500,1991,2,2,0
1693,7 Via Cuidado,82275,1125,56000,1991,2,2,0
1702,2 Via Madera,485832,1597,349000,1991,3,2,1
1703,24 Via Madera,368894,1597,265000,1991,2,2,1
1704,42 Via Madera,309483,1597,210000,1991,3,2,1
1705,79 Camino Del Oro,488988,1399,437500,1991,2,2,0
1706,85 Camino Del Oro,459364,1399,430000,1991,2,2,0
1707,93 Camino Del Oro,347876,1399,245000,1991,2,2,1
1708,98 Camino Del Oro,312236,1550,220000,1991,2,2,1
1709,80 Camino Del Oro,578147,1550,530000,1991,3,2,1
1710,61 Camino Del Oro,191681,1488,125000,1991,2,2,1
1711,67 Camino Del Oro,573821,1488,420000,1991,3,2,1
1712,12 Paseo Estrellas,217145,1394,136000,1991,2,2,1
1713,17 Paseo Estrellas,81359,1500,228000,1991,2,2,1
1714,11 Paseo Estrellas,578147,1500,499000,1991,3,2,1
1715,10 Paseo Del Sol,254573,1786,170000,1993,2,2,0
1716,9 Camino Del Oro,236314,1384,142000,1993,2,2,0
1717,29 Camino Del Oro,310957,1384,219000,1993,2,2,0
1718,51 Camino Del Oro,500359,1384,455000,1991,2,2,1
1719,50 Camino Del Oro,546627,1437,400000,1991,2,2,1
1720,42 Camino Del Oro,231593,1437,139000,1991,2,2,1
1721,66 Paseo Del Sol,264632,1589,162000,1993,3,2,1
1722,58 Paseo Del Sol,231776,1589,157000,1993,2,2,0
1723,52 Paseo Del Sol,305276,1589,215000,1993,2,2,0
1724,30 Paseo Del Sol,285842,1589,175000,1993,3,2,1
1725,22 Paseo Del Sol,289657,1589,200000,1993,2,2,0
1726,54 Via Madera,326576,1149,230000,1994,2,2,1
1727,60 Via Madera,254129,1149,157500,1994,3,2,1
1728,81 Paseo Del Sol,328033,1149,226500,1991,2,2,1
1729,85 Paseo Del Sol,193561,1149,120000,1991,2,2,0
1730,82 Paseo Del Sol,298175,1149,210000,1994,2,2,0
1769,8 Morning Glory,406484,2221,292000,1989,2,2,0
1770,11 Morning Glory,609682,2221,500000,1989,3,2,1
1772,128 Morning Glory,248174,2221,168000,1989,2,2,0
1773,100 Morning Glory,324930,2221,195000,1989,3,2,1
1778,304 Pasto Rico,235055,2713,156000,1989,2,2,1
1779,314 Pasto Rico,251087,2713,152500,1989,2,2,0
1780,280 Pasto Rico,231666,2713,143500,1989,3,3,0
1781,264 Pasto Rico,236871,2713,145000,1989,3,3,0
1782,262 Pasto Rico,452280,2713,325000,1989,3,3,0
1783,223 Pasto Rico,509111,2701,380000,1989,2,2,1
1784,210 Pasto Rico,155750,2701,99500,1989,2,2,0
1785,212 Pasto Rico,213282,2701,128000,1989,2,2,1
1786,216 Pasto Rico,532961,2701,390000,1989,2,2,1
1787,206 Pasto Rico,569098,2701,515000,1989,3,3,0
1788,196 Pasto Rico,316450,2701,218500,1989,2,2,1
1789,187 Pasto Rico,204919,2566,136000,1990,2,2,1
1790,183 Pasto Rico,208984,2566,139000,1990,2,2,1
1791,181 Pasto Rico,195860,2566,120000,1990,2,2,1
1792,151 Pasto Rico,527978,2566,410000,1990,2,2,1
1793,135 Pasto Rico,180937,2566,118000,1990,2,2,1
1794,143 Pasto Rico,299895,2566,173000,1990,3,3,0
1795,127 Pasto Rico,272811,2566,20000,1990,3,3,0
1796,108 Pasto Rico,466239,2674,348000,1989,2,2,0
1797,104 Pasto Rico,527491,2674,386000,1989,2,2,1
1798,82 Pasto Rico,156533,2674,100000,1989,2,2,0
1799,86 Pasto Rico,545103,2674,415000,1989,2,2,1
1800,90 Pasto Rico,287557,2674,169500,1989,2,2,1
1801,94 Pasto Rico,338898,2674,235000,1989,3,3,0
1802,97 Pasto Rico,347589,2674,240000,1989,3,3,0
1803,103 Pasto Rico,263112,2674,155000,1989,2,2,1
1804,85 Pasto Rico,248277,2674,149000,1989,2,2,1
1805,89 Pasto Rico,354278,2674,254500,1989,2,2,1
1806,77 Pasto Rico,237806,2674,164500,1989,2,2,0
1807,53 Pasto Rico,254005,2618,152500,1989,2,2,1
1808,37 Pasto Rico,450964,2618,330000,1989,2,2,1
1809,29 Pasto Rico,470260,5400,408000,1989,2,2,0
1810,3 Pasto Rico,375667,2618,275000,1989,2,2,0
1811,15 Pasto Rico,569098,2618,529500,1989,3,3,0
1812,11 Pasto Rico,258255,2618,155000,1989,2,2,1
1813,9 Pasto Rico,234262,2618,275000,1989,2,2,1
1814,18 Pasto Rico,386735,2618,283000,1989,2,2,0
1815,2 Galleria,434660,1281,341500,1990,2,2,0
1816,10 Galleria,177238,1281,108500,1990,2,2,0
1817,86 Timbre,267969,1281,192500,1990,1,1,0
1818,3 Ingreso,186128,1281,126000,1990,2,2,0
1819,7 Ingreso,91000,1281,57000,1990,1,1,0
1820,7 Galleria,100083,1118,62000,1990,1,1,0
1821,68 Abrigo,187222,1250,108000,1990,1,1,0
1822,76 Abrigo,442545,1222,380000,1990,2,2,0
1823,80 Abrigo,143284,1222,97000,1990,1,1,0
1824,92 Abrigo,209997,1222,145000,1990,2,2,0
1825,88 Abrigo,211981,1222,143500,1990,2,2,0
1826,94 Abrigo,207100,1222,143000,1990,2,2,0
1827,14 Acalla,269777,1367,190000,1990,2,2,0
1828,20 Acalla,182258,1367,107500,1990,1,1,0
1829,143 Timbre,86868,1367,56000,1990,1,1,0
1830,127 Timbre,210880,1367,124500,1990,2,2,0
1831,133 Timbre,453135,1367,390000,1990,2,2,0
1832,111 Timbre,130674,1367,80000,1990,1,1,0
1833,101 Timbre,334091,1367,240000,1990,2,2,0
1834,89 Timbre,161753,1367,110000,1990,1,1,0
1835,73 Timbre,188345,1367,125000,1990,2,2,0
1836,79 Timbre,140330,1367,95000,1990,1,1,0
1837,55 Timbre,186834,1546,124000,1990,2,2,0
1838,57 Timbre,95166,1546,61000,1990,1,1,0
1839,67 Timbre,102524,1546,66000,1990,1,1,0
1840,21 Timbre,234777,1546,141000,1990,2,2,0
1841,23 Timbre,453135,1546,418500,1990,2,2,0
1842,39 Timbre,243024,1546,143000,1990,2,2,0
1843,9 Timbre,206069,1464,139500,1990,2,2,0
1844,13 Timbre,131208,1464,86000,1990,2,2,0
1845,4 Timbre,453135,1154,389000,1990,2,2,0
1846,14 Timbre,209271,1154,144500,1990,2,2,0
1847,24 Abrigo,214197,1274,145000,1990,2,2,0
1862,120 Encantado Cyn,406377,5017,230000,1990,3,2,1
1863,124 Encantado Cyn,647336,3239,592000,1990,3,2,1
1864,130 Encantado Cyn,332382,3239,225000,1990,3,2,1
1865,9 Encantado Cyn,342794,3842,227500,1990,3,2,1
1866,27 Encantado Cyn,198801,3842,127000,1990,2,2,0
1867,35 Encantado Cyn,308472,3389,226000,1990,2,2,1
1868,37 Encantado Cyn,647336,3389,610000,1990,3,2,1
1869,57 Encantado Cyn,485464,6434,342000,1990,3,2,1
1870,75 Encantado Cyn,678702,3231,570000,1989,3,2,1
1871,81 Encantado Cyn,294659,3231,192000,1989,3,2,1
1872,83 Encantado Cyn,452421,3231,325000,1989,2,2,1
1873,171 Encantado Cyn,417617,4090,300000,1990,3,2,1
1874,179 Encantado Cyn,292140,4090,172000,1990,2,2,0
1875,191 Encantado Cyn,339478,4071,234500,1990,2,2,0
1876,219 Encantado Cyn,383800,4980,265000,1989,2,2,1
1877,247 Encantado Cyn,634741,3118,554000,1989,3,2,1
1878,21 Via Ermitas,170840,2646,107000,1990,2,2,0
1879,15 Via Ermitas,355036,2646,265000,1990,1,1,0
1880,11 Via Ermitas,512917,2646,460000,1990,2,2,0
1881,4 Via Solaz,438101,2646,327000,1990,2,1,0
1882,2 Via Solaz,340355,2646,244500,1990,2,1,0
1883,26 Via Solaz,364140,2646,325000,1990,1,1,0
1884,2 Via Ermitas,164773,2646,103500,1996,2,1,0
1885,2 Via Descanso,226207,2646,130500,1990,2,1,0
1886,69 Via Ermitas,506674,2219,445000,1990,2,2,0
1887,62 Via Solaz,459162,2219,336000,1990,2,2,0
1888,66 Via Solaz,276168,2219,194500,1990,2,2,0
1889,3 Via Respiro,323650,2219,232500,1990,2,1,0
1890,2 Via Refresco,292188,2219,210000,1990,2,1,0
1891,60 Via Ermitas,254156,2219,179000,1990,2,1,0
1892,50 Via Contento,501472,2333,430000,1990,2,2,0
1893,26 Via Contento,489340,2333,380000,1990,2,2,0
1894,28 Via Contento,440779,2333,329000,1990,2,2,0
1895,6 Via Contento,453614,2333,390000,1990,2,2,0
1896,86 Via Contento,181322,1632,111000,1990,2,2,0
1897,78 Via Contento,227035,1632,160500,1990,1,1,0
1898,28 Via Jolitas,164356,1632,105000,1990,2,2,0
1899,83 Via Contento,257789,1632,178000,1990,2,2,0
1900,77 Via Contento,313209,1632,225000,1990,2,2,0
1901,75 Via Contento,186823,1632,129000,1990,1,1,0
1902,144 Via Contento,346419,2430,253500,1992,2,2,0
1903,7 Via Pausa,382635,2616,280000,1990,2,2,0
1904,15 Via Pausa,358938,2616,345000,1990,1,1,0
1905,3 Via Alivio,175716,2616,114500,1990,2,1,0
1906,14 Via Alivio,200911,2616,141500,1990,1,1,0
1907,73 Via Pausa,184651,2063,125000,1995,2,2,0
1908,75 Via Pausa,269777,2063,190000,1995,2,2,0
1909,79 Via Pausa,149923,2063,94000,1995,2,1,0
1910,204 Via Contento,505762,2063,377500,1995,2,1,0
1911,198 Via Contento,180260,2063,113000,1995,2,2,0
1912,13 Via Lampara,260898,3311,170000,1990,3,2,1
1913,15 Via Lampara,338752,3311,234000,1990,3,2,1
1914,31 Via Lampara,534765,3311,455000,1990,2,2,0
1915,33 Via Lampara,560168,3311,435000,1990,2,2,0
1916,18 Via Lampara,317608,3311,215000,1990,3,2,1
1917,2 Via Lampara,255072,3311,158000,1990,3,2,1
1918,115 Via Lampara,261215,3352,160000,1990,3,2,1
1919,107 Via Lampara,573422,3352,428000,1990,2,2,1
1920,139 Via Lampara,254918,3352,150000,1990,2,2,0
1921,180 Via Lampara,594456,3352,435000,1990,3,2,1
1922,122 Via Lampara,366336,3352,258000,1990,3,2,1
1923,114 Via Lampara,414612,3275,292000,1990,3,2,1
1924,110 Via Lampara,491961,3275,360000,1990,3,2,1
1925,106 Via Lampara,323734,3275,228000,1990,2,2,0
1926,97 Via Lampara,571179,3275,540000,1990,3,2,1
1927,95 Via Lampara,275319,3275,161500,1990,2,2,1
1928,82 Via Lampara,324996,3275,220000,1990,3,2,1
1929,74 Via Lampara,320563,3275,217000,1990,3,2,1
1930,70 Via Lampara,265121,3275,156000,1990,2,2,0
1931,62 Via Lampara,235510,3275,147500,1990,2,2,1
1932,60 Via Lampara,351991,3275,248000,1990,2,2,1
1933,55 Fuente,361630,3254,240000,1989,3,2,1
1934,73 Fuente,676451,3254,495000,1989,3,2,1
1935,64 Regato,461470,3716,325000,1989,3,2,1
1936,62 Regato,434490,3716,260000,1989,3,2,1
1937,48 Regato,369046,3716,253000,1989,3,2,1
1938,53 Regato,146625,3716,237500,1989,3,2,1
1939,89 Fuente,336456,3547,197000,1992,3,2,1
1940,29 Regato,257698,3150,158000,1990,3,2,1
1941,1 Fuente,248111,3071,5000,1990,3,2,1
1942,3 Fuente,683286,3071,500000,1990,3,2,1
1943,15 Fuente,346412,3071,230000,1990,3,2,1
1944,42 Cascada,713130,3468,650000,1990,3,2,1
1945,38 Cascada,713130,3468,585000,1990,3,2,1
1946,36 Cascada,306787,3468,200000,1990,3,2,1
1947,28 Cascada,461470,3468,325000,1990,3,2,1
1948,33 Cascada,601290,3468,440000,1990,3,2,1
1998,9 Calle Del Norte,366408,6159,299909,1989,2,2,0
1999,5 Calle Del Norte,220833,6159,255000,1989,2,2,0
2000,7 Calle Del Sur,489712,6159,325000,1989,3,2,1
2001,9 Calle Del Sur,427250,6159,295000,1989,2,2,0
2002,19 Calle Del Sur,450536,6159,299000,1989,3,2,1
2003,27 Calle Del Sur,342214,6159,197500,1989,2,2,0
2004,52 Calle Del Sur,833606,6291,610000,1989,2,2,0
2005,16 Vista Sabana,460561,6291,318000,1989,3,2,0
2006,22 Calle Del Norte,382144,6291,249000,1989,2,2,1
2007,63 Calle Del Sur,146957,6291,288000,1989,2,2,1
2008,22 Via Empanada,428409,6391,290000,1993,2,2,1
2009,33 Via Empanada,503928,6391,362000,1993,2,2,1
2010,3 Vista Frondosa,384891,6391,229000,1993,2,2,0
2011,51 Calle Del Norte,774847,5761,567000,1994,2,2,0
2012,43 Calle Del Norte,345486,5761,214000,1994,3,2,1
2013,38 Calle Del Norte,659370,5761,482500,1994,2,2,1
